/*
MySQL Code
Host           : localhost:3306
Database       : supermarket
Target Server Type    : MYSQL
Date: 2020-02-02 22:22:22
          ID varchar(100)
备注：0表示商品ID      000001
      1表示员工ID      100001
      2表示会员ID      200001
      3表示供应商ID    300001
      4表示仓库ID      400001
*/
SET FOREIGN_KEY_CHECKS=0;
-- ----------------------------
-- ********商品测试数据********
-- Records of tb_goods
-- ----------------------------
INSERT INTO `tb_goods` VALUES ('000001', '百事可乐',    '3.00',  '饮品',     '瓶', '180', '夏季增加采购');
INSERT INTO `tb_goods` VALUES ('000002', '可口可乐',    '3.00',  '饮品',     '瓶', '180', '夏季增加采购');
INSERT INTO `tb_goods` VALUES ('000003', '农夫山泉',    '2.00',  '饮品',     '瓶', '180', '夏季增加采购');
INSERT INTO `tb_goods` VALUES ('000004', '红星笔记本',  '5.00',  '文具',     '本', '360', '开学季增加采购');
INSERT INTO `tb_goods` VALUES ('000005', '派克钢笔',    '55.00', '文具',     '支', '360', '开学季增加采购');
INSERT INTO `tb_goods` VALUES ('000006', '得力订书机',  '5.00',  '文具',     '个', '360', '开学季增加采购');
INSERT INTO `tb_goods` VALUES ('000007', '可比克薯片',  '3.50',  '食品类',   '袋', '180', '');
INSERT INTO `tb_goods` VALUES ('000008', '达利园面包',  '3.50',  '食品类',   '袋', '180', '');
INSERT INTO `tb_goods` VALUES ('000009', '好吃点饼干',  '3.50',  '食品类',   '袋', '180', '');
INSERT INTO `tb_goods` VALUES ('000010', '金龙鱼花生油','55.00', '厨用品',   '桶', '500', '1:1:1调和');
INSERT INTO `tb_goods` VALUES ('000011', '海天酱油',    '20.00', '厨用品',   '瓶', '180', '晒足180天');
INSERT INTO `tb_goods` VALUES ('000012', '麻辣十三香',  '8.00',  '厨用品',   '包', '360', '还是麻麻的味道');
INSERT INTO `tb_goods` VALUES ('000013', '超人牙刷',    '3.50',  '洗漱用品', '支', '360', '');
INSERT INTO `tb_goods` VALUES ('000014', '黑人牙膏',    '3.50',  '洗漱用品', '支', '360', '');
INSERT INTO `tb_goods` VALUES ('000015', '席梦思毛巾',  '3.50',  '洗漱用品', '条', '360', '');
INSERT INTO `tb_goods` VALUES ('000016', '清风抽纸',    '15.00', '日用品',   '包', '360', '好用就行了');
INSERT INTO `tb_goods` VALUES ('000017', '捷达棉签',    '5.00',  '日用品',   '盒', '90',  '好用就行了');
INSERT INTO `tb_goods` VALUES ('000018', '水晶玻璃杯',  '8.00',  '日用品',   '个', '360', '好用就行了');
INSERT INTO `tb_goods` VALUES ('000019', '好妈妈拖把',  '33.50', '清洁用品', '个', '360', '');
INSERT INTO `tb_goods` VALUES ('000020', '好爸爸抹布',  '13.50', '清洁用品', '个', '360', '');
INSERT INTO `tb_goods` VALUES ('000021', '乖儿子扫帚',  '23.50', '清洁用品', '个', '360', '');
INSERT INTO `tb_goods` VALUES ('000022', '脑白金',      '100.00','保健品',   '盒', '360', '送爸妈');
INSERT INTO `tb_goods` VALUES ('000023', '成长快乐',    '100.00','保健品',   '罐', '360', '送孩子');
INSERT INTO `tb_goods` VALUES ('000024', '黄金搭档',    '100.00','保健品',   '瓶', '360', '童年的回忆');

-- ----------------------------
-- **********供应商测试*********
-- Records of tb_supplier
-- ----------------------------
INSERT INTO `tb_supplier` VALUES ('300001', '饮品供应商',   '小刘', '10086','安徽省宣城市宣州区薰化路301号', '24小时供货');
INSERT INTO `tb_supplier` VALUES ('300002', '文具供应商',   '小林', '10086','安徽省宣城市宣州区薰化路302号', '周末不供货');
INSERT INTO `tb_supplier` VALUES ('300003', '食品供应商',   '小周', '10086','安徽省宣城市宣州区薰化路303号', '不定时供货');
INSERT INTO `tb_supplier` VALUES ('300004', '厨具供应商',   '大刘', '10086','安徽省宣城市宣州区薰化路304号', '周末不供货');
INSERT INTO `tb_supplier` VALUES ('300005', '洗漱品供应商', '小刘', '10086','安徽省宣城市宣州区薰化路305号', '24小时供货');
INSERT INTO `tb_supplier` VALUES ('300006', '日用品供应商', '小林', '10086','安徽省宣城市宣州区薰化路306号', '周末不供货');
INSERT INTO `tb_supplier` VALUES ('300007', '清洁品供应商', '小周', '10086','安徽省宣城市宣州区薰化路307号', '不定时供货');
INSERT INTO `tb_supplier` VALUES ('300008', '保健品供应商', '小周', '10086','安徽省宣城市宣州区薰化路308号', '不定时供货');

-- ----------------------------
-- **********生产表测试*********
-- Records of tb_produce
-- ----------------------------
-- 商品对应供应商
INSERT INTO `tb_produce` VALUES ('000001', '300001', '20191111', '光棍节促销');
INSERT INTO `tb_produce` VALUES ('000002', '300001', '20191111', '光棍节促销');
INSERT INTO `tb_produce` VALUES ('000003', '300001', '20191111', '光棍节促销');
INSERT INTO `tb_produce` VALUES ('000004', '300002', '20191111', '光棍节促销');
INSERT INTO `tb_produce` VALUES ('000005', '300002', '20191111', '光棍节促销');
INSERT INTO `tb_produce` VALUES ('000006', '300002', '20191111', '光棍节促销');
INSERT INTO `tb_produce` VALUES ('000007', '300003', '20191111', '光棍节促销');
INSERT INTO `tb_produce` VALUES ('000008', '300003', '20191111', '光棍节促销');
INSERT INTO `tb_produce` VALUES ('000009', '300003', '20191111', '光棍节促销');
INSERT INTO `tb_produce` VALUES ('000010', '300004', '20191111', '光棍节促销');
INSERT INTO `tb_produce` VALUES ('000011', '300004', '20191111', '光棍节促销');
INSERT INTO `tb_produce` VALUES ('000012', '300004', '20191111', '光棍节促销');
INSERT INTO `tb_produce` VALUES ('000013', '300005', '20191111', '光棍节促销');
INSERT INTO `tb_produce` VALUES ('000014', '300005', '20191111', '光棍节促销');
INSERT INTO `tb_produce` VALUES ('000015', '300005', '20191111', '光棍节促销');
INSERT INTO `tb_produce` VALUES ('000016', '300006', '20191111', '光棍节促销');
INSERT INTO `tb_produce` VALUES ('000017', '300006', '20191111', '光棍节促销');
INSERT INTO `tb_produce` VALUES ('000018', '300006', '20191111', '光棍节促销');
INSERT INTO `tb_produce` VALUES ('000019', '300007', '20191111', '光棍节促销');
INSERT INTO `tb_produce` VALUES ('000020', '300007', '20191111', '光棍节促销');
INSERT INTO `tb_produce` VALUES ('000021', '300007', '20191111', '光棍节促销');
INSERT INTO `tb_produce` VALUES ('000022', '300008', '20191111', '光棍节促销');
INSERT INTO `tb_produce` VALUES ('000023', '300008', '20191111', '光棍节促销');
INSERT INTO `tb_produce` VALUES ('000024', '300008', '20191111', '光棍节促销');

INSERT INTO `tb_produce` VALUES ('000001', '300001', '20191212', '双12促销');
INSERT INTO `tb_produce` VALUES ('000002', '300001', '20191212', '双12促销');
INSERT INTO `tb_produce` VALUES ('000003', '300001', '20191212', '双12促销');
INSERT INTO `tb_produce` VALUES ('000004', '300002', '20191212', '双12促销');
INSERT INTO `tb_produce` VALUES ('000005', '300002', '20191212', '双12促销');
INSERT INTO `tb_produce` VALUES ('000006', '300002', '20191212', '双12促销');
INSERT INTO `tb_produce` VALUES ('000007', '300003', '20191212', '双12促销');
INSERT INTO `tb_produce` VALUES ('000008', '300003', '20191212', '双12促销');
INSERT INTO `tb_produce` VALUES ('000009', '300003', '20191212', '双12促销');
INSERT INTO `tb_produce` VALUES ('000010', '300004', '20191212', '双12促销');
INSERT INTO `tb_produce` VALUES ('000011', '300004', '20191212', '双12促销');
INSERT INTO `tb_produce` VALUES ('000012', '300004', '20191212', '双12促销');
INSERT INTO `tb_produce` VALUES ('000013', '300005', '20191212', '双12促销');
INSERT INTO `tb_produce` VALUES ('000014', '300005', '20191212', '双12促销');
INSERT INTO `tb_produce` VALUES ('000015', '300005', '20191212', '双12促销');
INSERT INTO `tb_produce` VALUES ('000016', '300006', '20191212', '双12促销');
INSERT INTO `tb_produce` VALUES ('000017', '300006', '20191212', '双12促销');
INSERT INTO `tb_produce` VALUES ('000018', '300006', '20191212', '双12促销');
INSERT INTO `tb_produce` VALUES ('000019', '300007', '20191212', '双12促销');
INSERT INTO `tb_produce` VALUES ('000020', '300007', '20191212', '双12促销');
INSERT INTO `tb_produce` VALUES ('000021', '300007', '20191212', '双12促销');
INSERT INTO `tb_produce` VALUES ('000022', '300008', '20191212', '双12促销');
INSERT INTO `tb_produce` VALUES ('000023', '300008', '20191212', '双12促销');
INSERT INTO `tb_produce` VALUES ('000024', '300008', '20191212', '双12促销');

INSERT INTO `tb_produce` VALUES ('000001', '300001', '20200101', '元旦促销');
INSERT INTO `tb_produce` VALUES ('000002', '300001', '20200101', '元旦促销');
INSERT INTO `tb_produce` VALUES ('000003', '300001', '20200101', '元旦促销');
INSERT INTO `tb_produce` VALUES ('000004', '300002', '20200101', '元旦促销');
INSERT INTO `tb_produce` VALUES ('000005', '300002', '20200101', '元旦促销');
INSERT INTO `tb_produce` VALUES ('000006', '300002', '20200101', '元旦促销');
INSERT INTO `tb_produce` VALUES ('000007', '300003', '20200101', '元旦促销');
INSERT INTO `tb_produce` VALUES ('000008', '300003', '20200101', '元旦促销');
INSERT INTO `tb_produce` VALUES ('000009', '300003', '20200101', '元旦促销');
INSERT INTO `tb_produce` VALUES ('000010', '300004', '20200101', '元旦促销');
INSERT INTO `tb_produce` VALUES ('000011', '300004', '20200101', '元旦促销');
INSERT INTO `tb_produce` VALUES ('000012', '300004', '20200101', '元旦促销');
INSERT INTO `tb_produce` VALUES ('000013', '300005', '20200101', '元旦促销');
INSERT INTO `tb_produce` VALUES ('000014', '300005', '20200101', '元旦促销');
INSERT INTO `tb_produce` VALUES ('000015', '300005', '20200101', '元旦促销');
INSERT INTO `tb_produce` VALUES ('000016', '300006', '20200101', '元旦促销');
INSERT INTO `tb_produce` VALUES ('000017', '300006', '20200101', '元旦促销');
INSERT INTO `tb_produce` VALUES ('000018', '300006', '20200101', '元旦促销');
INSERT INTO `tb_produce` VALUES ('000019', '300007', '20200101', '元旦促销');
INSERT INTO `tb_produce` VALUES ('000020', '300007', '20200101', '元旦促销');
INSERT INTO `tb_produce` VALUES ('000021', '300007', '20200101', '元旦促销');
INSERT INTO `tb_produce` VALUES ('000022', '300008', '20200101', '元旦促销');
INSERT INTO `tb_produce` VALUES ('000023', '300008', '20200101', '元旦促销');
INSERT INTO `tb_produce` VALUES ('000024', '300008', '20200101', '元旦促销');
-- 同一商品不同供应商
INSERT INTO `tb_produce` VALUES ('000001', '300003', '20191111', '光棍节促销');
INSERT INTO `tb_produce` VALUES ('000002', '300003', '20191111', '光棍节促销');
INSERT INTO `tb_produce` VALUES ('000003', '300003', '20191111', '光棍节促销');
INSERT INTO `tb_produce` VALUES ('000013', '300006', '20191111', '光棍节促销');
INSERT INTO `tb_produce` VALUES ('000014', '300006', '20191111', '光棍节促销');
INSERT INTO `tb_produce` VALUES ('000015', '300006', '20191111', '光棍节促销');

INSERT INTO `tb_produce` VALUES ('000001', '300003', '20191212', '双12促销');
INSERT INTO `tb_produce` VALUES ('000002', '300003', '20191212', '双12促销');
INSERT INTO `tb_produce` VALUES ('000003', '300003', '20191212', '双12促销');
INSERT INTO `tb_produce` VALUES ('000013', '300006', '20191212', '双12促销');
INSERT INTO `tb_produce` VALUES ('000014', '300006', '20191212', '双12促销');
INSERT INTO `tb_produce` VALUES ('000015', '300006', '20191212', '双12促销');

INSERT INTO `tb_produce` VALUES ('000001', '300003', '20200101', '元旦促销');
INSERT INTO `tb_produce` VALUES ('000002', '300003', '20200101', '元旦促销');
INSERT INTO `tb_produce` VALUES ('000003', '300003', '20200101', '元旦促销');
INSERT INTO `tb_produce` VALUES ('000013', '300006', '20200101', '元旦促销');
INSERT INTO `tb_produce` VALUES ('000014', '300006', '20200101', '元旦促销');
INSERT INTO `tb_produce` VALUES ('000015', '300006', '20200101', '元旦促销');

-- ----------------------------
-- ******商品信息测试数据******
-- Records of tb_goodinfo
-- ----------------------------
INSERT INTO `tb_goodinfo` VALUES ('000001', '300001', '20191111', '2019-11-11', '安徽省宣城市薰化路301号', '光棍节促销');
INSERT INTO `tb_goodinfo` VALUES ('000002', '300001', '20191111', '2019-11-11', '安徽省宣城市薰化路301号', '光棍节促销');
INSERT INTO `tb_goodinfo` VALUES ('000003', '300001', '20191111', '2019-11-11', '安徽省宣城市薰化路301号', '光棍节促销');
INSERT INTO `tb_goodinfo` VALUES ('000004', '300002', '20191111', '2019-11-11', '安徽省宣城市薰化路301号', '光棍节促销');
INSERT INTO `tb_goodinfo` VALUES ('000005', '300002', '20191111', '2019-11-11', '安徽省宣城市薰化路301号', '光棍节促销');
INSERT INTO `tb_goodinfo` VALUES ('000006', '300002', '20191111', '2019-11-11', '安徽省宣城市薰化路301号', '光棍节促销');
INSERT INTO `tb_goodinfo` VALUES ('000007', '300003', '20191111', '2019-11-11', '安徽省宣城市薰化路301号', '光棍节促销');
INSERT INTO `tb_goodinfo` VALUES ('000008', '300003', '20191111', '2019-11-11', '安徽省宣城市薰化路301号', '光棍节促销');
INSERT INTO `tb_goodinfo` VALUES ('000009', '300003', '20191111', '2019-11-11', '安徽省宣城市薰化路301号', '光棍节促销');
INSERT INTO `tb_goodinfo` VALUES ('000010', '300004', '20191111', '2019-11-11', '安徽省宣城市薰化路301号', '光棍节促销');
INSERT INTO `tb_goodinfo` VALUES ('000011', '300004', '20191111', '2019-11-11', '安徽省宣城市薰化路301号', '光棍节促销');
INSERT INTO `tb_goodinfo` VALUES ('000012', '300004', '20191111', '2019-11-11', '安徽省宣城市薰化路301号', '光棍节促销');
INSERT INTO `tb_goodinfo` VALUES ('000013', '300005', '20191111', '2019-11-11', '安徽省宣城市薰化路301号', '光棍节促销');
INSERT INTO `tb_goodinfo` VALUES ('000014', '300005', '20191111', '2019-11-11', '安徽省宣城市薰化路301号', '光棍节促销');
INSERT INTO `tb_goodinfo` VALUES ('000015', '300005', '20191111', '2019-11-11', '安徽省宣城市薰化路301号', '光棍节促销');
INSERT INTO `tb_goodinfo` VALUES ('000016', '300006', '20191111', '2019-11-11', '安徽省宣城市薰化路301号', '光棍节促销');
INSERT INTO `tb_goodinfo` VALUES ('000017', '300006', '20191111', '2019-11-11', '安徽省宣城市薰化路301号', '光棍节促销');
INSERT INTO `tb_goodinfo` VALUES ('000018', '300006', '20191111', '2019-11-11', '安徽省宣城市薰化路301号', '光棍节促销');
INSERT INTO `tb_goodinfo` VALUES ('000019', '300007', '20191111', '2019-11-11', '安徽省宣城市薰化路301号', '光棍节促销');
INSERT INTO `tb_goodinfo` VALUES ('000020', '300007', '20191111', '2019-11-11', '安徽省宣城市薰化路301号', '光棍节促销');
INSERT INTO `tb_goodinfo` VALUES ('000021', '300007', '20191111', '2019-11-11', '安徽省宣城市薰化路301号', '光棍节促销');
INSERT INTO `tb_goodinfo` VALUES ('000022', '300008', '20191111', '2019-11-11', '安徽省宣城市薰化路301号', '光棍节促销');
INSERT INTO `tb_goodinfo` VALUES ('000023', '300008', '20191111', '2019-11-11', '安徽省宣城市薰化路301号', '光棍节促销');
INSERT INTO `tb_goodinfo` VALUES ('000024', '300008', '20191111', '2019-11-11', '安徽省宣城市薰化路301号', '光棍节促销');

INSERT INTO `tb_goodinfo` VALUES ('000001', '300001', '20191212', '2019-12-12', '安徽省宣城市薰化路301号', '双12促销');
INSERT INTO `tb_goodinfo` VALUES ('000002', '300001', '20191212', '2019-12-12', '安徽省宣城市薰化路301号', '双12促销');
INSERT INTO `tb_goodinfo` VALUES ('000003', '300001', '20191212', '2019-12-12', '安徽省宣城市薰化路301号', '双12促销');
INSERT INTO `tb_goodinfo` VALUES ('000004', '300002', '20191212', '2019-12-12', '安徽省宣城市薰化路301号', '双12促销');
INSERT INTO `tb_goodinfo` VALUES ('000005', '300002', '20191212', '2019-12-12', '安徽省宣城市薰化路301号', '双12促销');
INSERT INTO `tb_goodinfo` VALUES ('000006', '300002', '20191212', '2019-12-12', '安徽省宣城市薰化路301号', '双12促销');
INSERT INTO `tb_goodinfo` VALUES ('000007', '300003', '20191212', '2019-12-12', '安徽省宣城市薰化路301号', '双12促销');
INSERT INTO `tb_goodinfo` VALUES ('000008', '300003', '20191212', '2019-12-12', '安徽省宣城市薰化路301号', '双12促销');
INSERT INTO `tb_goodinfo` VALUES ('000009', '300003', '20191212', '2019-12-12', '安徽省宣城市薰化路301号', '双12促销');
INSERT INTO `tb_goodinfo` VALUES ('000010', '300004', '20191212', '2019-12-12', '安徽省宣城市薰化路301号', '双12促销');
INSERT INTO `tb_goodinfo` VALUES ('000011', '300004', '20191212', '2019-12-12', '安徽省宣城市薰化路301号', '双12促销');
INSERT INTO `tb_goodinfo` VALUES ('000012', '300004', '20191212', '2019-12-12', '安徽省宣城市薰化路301号', '双12促销');
INSERT INTO `tb_goodinfo` VALUES ('000013', '300005', '20191212', '2019-12-12', '安徽省宣城市薰化路301号', '双12促销');
INSERT INTO `tb_goodinfo` VALUES ('000014', '300005', '20191212', '2019-12-12', '安徽省宣城市薰化路301号', '双12促销');
INSERT INTO `tb_goodinfo` VALUES ('000015', '300005', '20191212', '2019-12-12', '安徽省宣城市薰化路301号', '双12促销');
INSERT INTO `tb_goodinfo` VALUES ('000016', '300006', '20191212', '2019-12-12', '安徽省宣城市薰化路301号', '双12促销');
INSERT INTO `tb_goodinfo` VALUES ('000017', '300006', '20191212', '2019-12-12', '安徽省宣城市薰化路301号', '双12促销');
INSERT INTO `tb_goodinfo` VALUES ('000018', '300006', '20191212', '2019-12-12', '安徽省宣城市薰化路301号', '双12促销');
INSERT INTO `tb_goodinfo` VALUES ('000019', '300007', '20191212', '2019-12-12', '安徽省宣城市薰化路301号', '双12促销');
INSERT INTO `tb_goodinfo` VALUES ('000020', '300007', '20191212', '2019-12-12', '安徽省宣城市薰化路301号', '双12促销');
INSERT INTO `tb_goodinfo` VALUES ('000021', '300007', '20191212', '2019-12-12', '安徽省宣城市薰化路301号', '双12促销');
INSERT INTO `tb_goodinfo` VALUES ('000022', '300008', '20191212', '2019-12-12', '安徽省宣城市薰化路301号', '双12促销');
INSERT INTO `tb_goodinfo` VALUES ('000023', '300008', '20191212', '2019-12-12', '安徽省宣城市薰化路301号', '双12促销');
INSERT INTO `tb_goodinfo` VALUES ('000024', '300008', '20191212', '2019-12-12', '安徽省宣城市薰化路301号', '双12促销');

INSERT INTO `tb_goodinfo` VALUES ('000001', '300001', '20200101', '2020-01-01', '安徽省宣城市薰化路301号', '元旦促销');
INSERT INTO `tb_goodinfo` VALUES ('000002', '300001', '20200101', '2020-01-01', '安徽省宣城市薰化路301号', '元旦促销');
INSERT INTO `tb_goodinfo` VALUES ('000003', '300001', '20200101', '2020-01-01', '安徽省宣城市薰化路301号', '元旦促销');
INSERT INTO `tb_goodinfo` VALUES ('000004', '300002', '20200101', '2020-01-01', '安徽省宣城市薰化路301号', '元旦促销');
INSERT INTO `tb_goodinfo` VALUES ('000005', '300002', '20200101', '2020-01-01', '安徽省宣城市薰化路301号', '元旦促销');
INSERT INTO `tb_goodinfo` VALUES ('000006', '300002', '20200101', '2020-01-01', '安徽省宣城市薰化路301号', '元旦促销');
INSERT INTO `tb_goodinfo` VALUES ('000007', '300003', '20200101', '2020-01-01', '安徽省宣城市薰化路301号', '元旦促销');
INSERT INTO `tb_goodinfo` VALUES ('000008', '300003', '20200101', '2020-01-01', '安徽省宣城市薰化路301号', '元旦促销');
INSERT INTO `tb_goodinfo` VALUES ('000009', '300003', '20200101', '2020-01-01', '安徽省宣城市薰化路301号', '元旦促销');
INSERT INTO `tb_goodinfo` VALUES ('000010', '300004', '20200101', '2020-01-01', '安徽省宣城市薰化路301号', '元旦促销');
INSERT INTO `tb_goodinfo` VALUES ('000011', '300004', '20200101', '2020-01-01', '安徽省宣城市薰化路301号', '元旦促销');
INSERT INTO `tb_goodinfo` VALUES ('000012', '300004', '20200101', '2020-01-01', '安徽省宣城市薰化路301号', '元旦促销');
INSERT INTO `tb_goodinfo` VALUES ('000013', '300005', '20200101', '2020-01-01', '安徽省宣城市薰化路301号', '元旦促销');
INSERT INTO `tb_goodinfo` VALUES ('000014', '300005', '20200101', '2020-01-01', '安徽省宣城市薰化路301号', '元旦促销');
INSERT INTO `tb_goodinfo` VALUES ('000015', '300005', '20200101', '2020-01-01', '安徽省宣城市薰化路301号', '元旦促销');
INSERT INTO `tb_goodinfo` VALUES ('000016', '300006', '20200101', '2020-01-01', '安徽省宣城市薰化路301号', '元旦促销');
INSERT INTO `tb_goodinfo` VALUES ('000017', '300006', '20200101', '2020-01-01', '安徽省宣城市薰化路301号', '元旦促销');
INSERT INTO `tb_goodinfo` VALUES ('000018', '300006', '20200101', '2020-01-01', '安徽省宣城市薰化路301号', '元旦促销');
INSERT INTO `tb_goodinfo` VALUES ('000019', '300007', '20200101', '2020-01-01', '安徽省宣城市薰化路301号', '元旦促销');
INSERT INTO `tb_goodinfo` VALUES ('000020', '300007', '20200101', '2020-01-01', '安徽省宣城市薰化路301号', '元旦促销');
INSERT INTO `tb_goodinfo` VALUES ('000021', '300007', '20200101', '2020-01-01', '安徽省宣城市薰化路301号', '元旦促销');
INSERT INTO `tb_goodinfo` VALUES ('000022', '300008', '20200101', '2020-01-01', '安徽省宣城市薰化路301号', '元旦促销');
INSERT INTO `tb_goodinfo` VALUES ('000023', '300008', '20200101', '2020-01-01', '安徽省宣城市薰化路301号', '元旦促销');
INSERT INTO `tb_goodinfo` VALUES ('000024', '300008', '20200101', '2020-01-01', '安徽省宣城市薰化路301号', '元旦促销');
-- 同一商品不同供应商
INSERT INTO `tb_goodinfo` VALUES ('000001', '300003', '20191111', '2019-11-11', '安徽省宣城市薰化路301号', '光棍节促销');
INSERT INTO `tb_goodinfo` VALUES ('000002', '300003', '20191111', '2019-11-11', '安徽省宣城市薰化路301号', '光棍节促销');
INSERT INTO `tb_goodinfo` VALUES ('000003', '300003', '20191111', '2019-11-11', '安徽省宣城市薰化路301号', '光棍节促销');
INSERT INTO `tb_goodinfo` VALUES ('000013', '300006', '20191111', '2019-11-11', '安徽省宣城市薰化路301号', '光棍节促销');
INSERT INTO `tb_goodinfo` VALUES ('000014', '300006', '20191111', '2019-11-11', '安徽省宣城市薰化路301号', '光棍节促销');
INSERT INTO `tb_goodinfo` VALUES ('000015', '300006', '20191111', '2019-11-11', '安徽省宣城市薰化路301号', '光棍节促销');

INSERT INTO `tb_goodinfo` VALUES ('000001', '300003', '20191212', '2019-12-12', '安徽省宣城市薰化路301号', '双12促销');
INSERT INTO `tb_goodinfo` VALUES ('000002', '300003', '20191212', '2019-12-12', '安徽省宣城市薰化路301号', '双12促销');
INSERT INTO `tb_goodinfo` VALUES ('000003', '300003', '20191212', '2019-12-12', '安徽省宣城市薰化路301号', '双12促销');
INSERT INTO `tb_goodinfo` VALUES ('000013', '300006', '20191212', '2019-12-12', '安徽省宣城市薰化路301号', '双12促销');
INSERT INTO `tb_goodinfo` VALUES ('000014', '300006', '20191212', '2019-12-12', '安徽省宣城市薰化路301号', '双12促销');
INSERT INTO `tb_goodinfo` VALUES ('000015', '300006', '20191212', '2019-12-12', '安徽省宣城市薰化路301号', '双12促销');

INSERT INTO `tb_goodinfo` VALUES ('000001', '300003', '20200101', '2020-01-01', '安徽省宣城市薰化路301号', '元旦促销');
INSERT INTO `tb_goodinfo` VALUES ('000002', '300003', '20200101', '2020-01-01', '安徽省宣城市薰化路301号', '元旦促销');
INSERT INTO `tb_goodinfo` VALUES ('000003', '300003', '20200101', '2020-01-01', '安徽省宣城市薰化路301号', '元旦促销');
INSERT INTO `tb_goodinfo` VALUES ('000013', '300006', '20200101', '2020-01-01', '安徽省宣城市薰化路301号', '元旦促销');
INSERT INTO `tb_goodinfo` VALUES ('000014', '300006', '20200101', '2020-01-01', '安徽省宣城市薰化路301号', '元旦促销');
INSERT INTO `tb_goodinfo` VALUES ('000015', '300006', '20200101', '2020-01-01', '安徽省宣城市薰化路301号', '元旦促销');

-- ----------------------------
-- ********促销测试数据********
-- Records of tb_discount
-- ----------------------------
INSERT INTO `tb_discount` VALUES ('000001', '20191111', '1.00',  '2019-12-14', '2019-12-24', '');
INSERT INTO `tb_discount` VALUES ('000004', '20191111', '3.00',  '2019-12-14', '2019-12-24', '');
INSERT INTO `tb_discount` VALUES ('000007', '20191111', '1.50',  '2019-12-14', '2019-12-24', '');
INSERT INTO `tb_discount` VALUES ('000010', '20191111', '53.00', '2019-12-14', '2019-12-24', '');
INSERT INTO `tb_discount` VALUES ('000013', '20191111', '1.50',  '2019-12-14', '2019-12-24', '');
INSERT INTO `tb_discount` VALUES ('000016', '20191111', '13.00', '2019-12-14', '2019-12-24', '');
INSERT INTO `tb_discount` VALUES ('000019', '20191111', '31.50', '2019-12-14', '2019-12-24', '');
INSERT INTO `tb_discount` VALUES ('000022', '20191111', '98.00', '2019-12-14', '2019-12-24', '');

INSERT INTO `tb_discount` VALUES ('000001', '20191212', '1.00',  '2019-01-03', '2019-01-13', '');
INSERT INTO `tb_discount` VALUES ('000004', '20191212', '3.00',  '2019-01-03', '2019-01-13', '');
INSERT INTO `tb_discount` VALUES ('000007', '20191212', '1.50',  '2019-01-03', '2019-01-13', '');
INSERT INTO `tb_discount` VALUES ('000010', '20191212', '53.00', '2019-01-03', '2019-01-13', '');
INSERT INTO `tb_discount` VALUES ('000013', '20191212', '1.50',  '2019-01-03', '2019-01-13', '');
INSERT INTO `tb_discount` VALUES ('000016', '20191212', '13.00', '2019-01-03', '2019-01-13', '');
INSERT INTO `tb_discount` VALUES ('000019', '20191212', '31.50', '2019-01-03', '2019-01-13', '');
INSERT INTO `tb_discount` VALUES ('000022', '20191212', '98.00', '2019-01-03', '2019-01-13', '');

-- ----------------------------
-- *******仓库测试数据*********
-- Records of tb_store
-- ----------------------------
INSERT INTO `tb_store` VALUES ('400001', '新安仓', DEFAULT, DEFAULT, '100001', '10010', '安徽省宣城市薰化路301号', '');
INSERT INTO `tb_store` VALUES ('400002', '敬亭仓', DEFAULT, DEFAULT, '100002', '10086', '安徽省宣城市薰化路301号', '');

-- ----------------------------
-- *******采购测试数据*********
-- Records of tb_buys
-- Records of tb_buy
-- ----------------------------
-- 商品对应供应商
-- 2019.11.11
INSERT INTO `tb_buys` VALUES ('201911110001', '000001', '300001', '20191111', '1.00',  '200', '光棍节采购');
INSERT INTO `tb_buys` VALUES ('201911110001', '000002', '300001', '20191111', '1.00',  '300', '光棍节采购');
INSERT INTO `tb_buys` VALUES ('201911110001', '000003', '300001', '20191111', '0.50',  '100', '光棍节采购');
INSERT INTO `tb_buys` VALUES ('201911110001', '000004', '300002', '20191111', '2.00',  '100', '光棍节采购');
INSERT INTO `tb_buys` VALUES ('201911110001', '000005', '300002', '20191111', '30.00', '200', '光棍节采购');
INSERT INTO `tb_buys` VALUES ('201911110001', '000006', '300002', '20191111', '2.00',  '100', '光棍节采购');
INSERT INTO `tb_buys` VALUES ('201911110001', '000007', '300003', '20191111', '1.00',  '300', '光棍节采购');
INSERT INTO `tb_buys` VALUES ('201911110001', '000008', '300003', '20191111', '1.00',  '100', '光棍节采购');
INSERT INTO `tb_buys` VALUES ('201911110001', '000009', '300003', '20191111', '1.00',  '200', '光棍节采购');
INSERT INTO `tb_buys` VALUES ('201911110001', '000010', '300004', '20191111', '25.00', '100', '光棍节采购');
INSERT INTO `tb_buys` VALUES ('201911110001', '000011', '300004', '20191111', '10.00', '100', '光棍节采购');
INSERT INTO `tb_buys` VALUES ('201911110001', '000012', '300004', '20191111', '6.00',  '100', '光棍节采购');
INSERT INTO `tb_buys` VALUES ('201911110002', '000013', '300005', '20191111', '1.50',  '100', '光棍节采购');
INSERT INTO `tb_buys` VALUES ('201911110002', '000014', '300005', '20191111', '1.50',  '300', '光棍节采购');
INSERT INTO `tb_buys` VALUES ('201911110002', '000015', '300005', '20191111', '2.00',  '200', '光棍节采购');
INSERT INTO `tb_buys` VALUES ('201911110002', '000016', '300006', '20191111', '10.00', '300', '光棍节采购');
INSERT INTO `tb_buys` VALUES ('201911110002', '000017', '300006', '20191111', '3.00',  '200', '光棍节采购');
INSERT INTO `tb_buys` VALUES ('201911110002', '000018', '300006', '20191111', '6.00',  '500', '光棍节采购');
INSERT INTO `tb_buys` VALUES ('201911110002', '000019', '300007', '20191111', '28.50', '400', '光棍节采购');
INSERT INTO `tb_buys` VALUES ('201911110002', '000020', '300007', '20191111', '8.50',  '300', '光棍节采购');
INSERT INTO `tb_buys` VALUES ('201911110002', '000021', '300007', '20191111', '13.50', '500', '光棍节采购');
INSERT INTO `tb_buys` VALUES ('201911110002', '000022', '300008', '20191111', '80.00', '400', '光棍节采购');
INSERT INTO `tb_buys` VALUES ('201911110002', '000023', '300008', '20191111', '75.00', '300', '光棍节采购');
INSERT INTO `tb_buys` VALUES ('201911110002', '000024', '300008', '20191111', '85.00', '200', '光棍节采购');

-- 2019.11.24
INSERT INTO `tb_buys` VALUES ('201911240001', '000001', '300001', '20191111', '1.00',  '200', '十一月采购');
INSERT INTO `tb_buys` VALUES ('201911240001', '000002', '300001', '20191111', '1.00',  '300', '十一月采购');
INSERT INTO `tb_buys` VALUES ('201911240001', '000003', '300001', '20191111', '0.50',  '100', '十一月采购');
INSERT INTO `tb_buys` VALUES ('201911240001', '000004', '300002', '20191111', '2.00',  '100', '十一月采购');
INSERT INTO `tb_buys` VALUES ('201911240001', '000005', '300002', '20191111', '30.00', '200', '十一月采购');
INSERT INTO `tb_buys` VALUES ('201911240001', '000006', '300002', '20191111', '2.00',  '100', '十一月采购');
INSERT INTO `tb_buys` VALUES ('201911240001', '000007', '300003', '20191111', '1.00',  '300', '十一月采购');
INSERT INTO `tb_buys` VALUES ('201911240001', '000008', '300003', '20191111', '1.00',  '100', '十一月采购');
INSERT INTO `tb_buys` VALUES ('201911240001', '000009', '300003', '20191111', '1.00',  '200', '十一月采购');
INSERT INTO `tb_buys` VALUES ('201911240001', '000010', '300004', '20191111', '25.00', '100', '十一月采购');
INSERT INTO `tb_buys` VALUES ('201911240001', '000011', '300004', '20191111', '10.00', '100', '十一月采购');
INSERT INTO `tb_buys` VALUES ('201911240001', '000012', '300004', '20191111', '6.00',  '100', '十一月采购');
INSERT INTO `tb_buys` VALUES ('201911240002', '000013', '300005', '20191111', '1.50',  '100', '十一月采购');
INSERT INTO `tb_buys` VALUES ('201911240002', '000014', '300005', '20191111', '1.50',  '300', '十一月采购');
INSERT INTO `tb_buys` VALUES ('201911240002', '000015', '300005', '20191111', '2.00',  '200', '十一月采购');
INSERT INTO `tb_buys` VALUES ('201911240002', '000016', '300006', '20191111', '10.00', '300', '十一月采购');
INSERT INTO `tb_buys` VALUES ('201911240002', '000017', '300006', '20191111', '3.00',  '200', '十一月采购');
INSERT INTO `tb_buys` VALUES ('201911240002', '000018', '300006', '20191111', '6.00',  '500', '十一月采购');
INSERT INTO `tb_buys` VALUES ('201911240002', '000019', '300007', '20191111', '28.50', '400', '十一月采购');
INSERT INTO `tb_buys` VALUES ('201911240002', '000020', '300007', '20191111', '8.50',  '300', '十一月采购');
INSERT INTO `tb_buys` VALUES ('201911240002', '000021', '300007', '20191111', '13.50', '500', '十一月采购');
INSERT INTO `tb_buys` VALUES ('201911240002', '000022', '300008', '20191111', '80.00', '400', '十一月采购');
INSERT INTO `tb_buys` VALUES ('201911240002', '000023', '300008', '20191111', '75.00', '300', '十一月采购');
INSERT INTO `tb_buys` VALUES ('201911240002', '000024', '300008', '20191111', '85.00', '200', '十一月采购');

-- 2019.12.12
INSERT INTO `tb_buys` VALUES ('201912120001', '000001', '300001', '20191212', '1.00',  '200', '双12采购');
INSERT INTO `tb_buys` VALUES ('201912120001', '000002', '300001', '20191212', '1.00',  '300', '双12采购');
INSERT INTO `tb_buys` VALUES ('201912120001', '000003', '300001', '20191212', '0.50',  '100', '双12采购');
INSERT INTO `tb_buys` VALUES ('201912120001', '000004', '300002', '20191212', '2.00',  '100', '双12采购');
INSERT INTO `tb_buys` VALUES ('201912120001', '000005', '300002', '20191212', '30.00', '200', '双12采购');
INSERT INTO `tb_buys` VALUES ('201912120001', '000006', '300002', '20191212', '2.00',  '100', '双12采购');
INSERT INTO `tb_buys` VALUES ('201912120001', '000007', '300003', '20191212', '1.00',  '300', '双12采购');
INSERT INTO `tb_buys` VALUES ('201912120001', '000008', '300003', '20191212', '1.00',  '100', '双12采购');
INSERT INTO `tb_buys` VALUES ('201912120001', '000009', '300003', '20191212', '1.00',  '200', '双12采购');
INSERT INTO `tb_buys` VALUES ('201912120001', '000010', '300004', '20191212', '25.00', '100', '双12采购');
INSERT INTO `tb_buys` VALUES ('201912120001', '000011', '300004', '20191212', '10.00', '100', '双12采购');
INSERT INTO `tb_buys` VALUES ('201912120001', '000012', '300004', '20191212', '6.00',  '100', '双12采购');
INSERT INTO `tb_buys` VALUES ('201912120002', '000013', '300005', '20191212', '1.50',  '100', '双12采购');
INSERT INTO `tb_buys` VALUES ('201912120002', '000014', '300005', '20191212', '1.50',  '300', '双12采购');
INSERT INTO `tb_buys` VALUES ('201912120002', '000015', '300005', '20191212', '2.00',  '200', '双12采购');
INSERT INTO `tb_buys` VALUES ('201912120002', '000016', '300006', '20191212', '10.00', '300', '双12采购');
INSERT INTO `tb_buys` VALUES ('201912120002', '000017', '300006', '20191212', '3.00',  '200', '双12采购');
INSERT INTO `tb_buys` VALUES ('201912120002', '000018', '300006', '20191212', '6.00',  '500', '双12采购');
INSERT INTO `tb_buys` VALUES ('201912120002', '000019', '300007', '20191212', '28.50', '400', '双12采购');
INSERT INTO `tb_buys` VALUES ('201912120002', '000020', '300007', '20191212', '8.50',  '300', '双12采购');
INSERT INTO `tb_buys` VALUES ('201912120002', '000021', '300007', '20191212', '13.50', '500', '双12采购');
INSERT INTO `tb_buys` VALUES ('201912120002', '000022', '300008', '20191212', '80.00', '400', '双12采购');
INSERT INTO `tb_buys` VALUES ('201912120002', '000023', '300008', '20191212', '75.00', '300', '双12采购');
INSERT INTO `tb_buys` VALUES ('201912120002', '000024', '300008', '20191212', '85.00', '200', '双12采购');

-- 2019.12.25
INSERT INTO `tb_buys` VALUES ('201912250001', '000001', '300001', '20191212', '1.00',  '200', '十二月采购');
INSERT INTO `tb_buys` VALUES ('201912250001', '000002', '300001', '20191212', '1.00',  '300', '十二月采购');
INSERT INTO `tb_buys` VALUES ('201912250001', '000003', '300001', '20191212', '0.50',  '100', '十二月采购');
INSERT INTO `tb_buys` VALUES ('201912250001', '000004', '300002', '20191212', '2.00',  '100', '十二月采购');
INSERT INTO `tb_buys` VALUES ('201912250001', '000005', '300002', '20191212', '30.00', '200', '十二月采购');
INSERT INTO `tb_buys` VALUES ('201912250001', '000006', '300002', '20191212', '2.00',  '100', '十二月采购');
INSERT INTO `tb_buys` VALUES ('201912250001', '000007', '300003', '20191212', '1.00',  '300', '十二月采购');
INSERT INTO `tb_buys` VALUES ('201912250001', '000008', '300003', '20191212', '1.00',  '100', '十二月采购');
INSERT INTO `tb_buys` VALUES ('201912250001', '000009', '300003', '20191212', '1.00',  '200', '十二月采购');
INSERT INTO `tb_buys` VALUES ('201912250001', '000010', '300004', '20191212', '25.00', '100', '十二月采购');
INSERT INTO `tb_buys` VALUES ('201912250001', '000011', '300004', '20191212', '10.00', '100', '十二月采购');
INSERT INTO `tb_buys` VALUES ('201912250001', '000012', '300004', '20191212', '6.00',  '100', '十二月采购');
INSERT INTO `tb_buys` VALUES ('201912250002', '000013', '300005', '20191212', '1.50',  '100', '十二月采购');
INSERT INTO `tb_buys` VALUES ('201912250002', '000014', '300005', '20191212', '1.50',  '300', '十二月采购');
INSERT INTO `tb_buys` VALUES ('201912250002', '000015', '300005', '20191212', '2.00',  '200', '十二月采购');
INSERT INTO `tb_buys` VALUES ('201912250002', '000016', '300006', '20191212', '10.00', '300', '十二月采购');
INSERT INTO `tb_buys` VALUES ('201912250002', '000017', '300006', '20191212', '3.00',  '200', '十二月采购');
INSERT INTO `tb_buys` VALUES ('201912250002', '000018', '300006', '20191212', '6.00',  '500', '十二月采购');
INSERT INTO `tb_buys` VALUES ('201912250002', '000019', '300007', '20191212', '28.50', '400', '十二月采购');
INSERT INTO `tb_buys` VALUES ('201912250002', '000020', '300007', '20191212', '8.50',  '300', '十二月采购');
INSERT INTO `tb_buys` VALUES ('201912250002', '000021', '300007', '20191212', '13.50', '500', '十二月采购');
INSERT INTO `tb_buys` VALUES ('201912250002', '000022', '300008', '20191212', '80.00', '400', '十二月采购');
INSERT INTO `tb_buys` VALUES ('201912250002', '000023', '300008', '20191212', '75.00', '300', '十二月采购');
INSERT INTO `tb_buys` VALUES ('201912250002', '000024', '300008', '20191212', '85.00', '200', '十二月采购');

-- 2020.01.01
INSERT INTO `tb_buys` VALUES ('202001010001', '000001', '300001', '20200101', '1.00',  '200', '元旦采购');
INSERT INTO `tb_buys` VALUES ('202001010001', '000002', '300001', '20200101', '1.00',  '300', '元旦采购');
INSERT INTO `tb_buys` VALUES ('202001010001', '000003', '300001', '20200101', '0.50',  '100', '元旦采购');
INSERT INTO `tb_buys` VALUES ('202001010001', '000004', '300002', '20200101', '2.00',  '100', '元旦采购');
INSERT INTO `tb_buys` VALUES ('202001010001', '000005', '300002', '20200101', '30.00', '200', '元旦采购');
INSERT INTO `tb_buys` VALUES ('202001010001', '000006', '300002', '20200101', '2.00',  '100', '元旦采购');
INSERT INTO `tb_buys` VALUES ('202001010001', '000007', '300003', '20200101', '1.00',  '300', '元旦采购');
INSERT INTO `tb_buys` VALUES ('202001010001', '000008', '300003', '20200101', '1.00',  '100', '元旦采购');
INSERT INTO `tb_buys` VALUES ('202001010001', '000009', '300003', '20200101', '1.00',  '200', '元旦采购');
INSERT INTO `tb_buys` VALUES ('202001010001', '000010', '300004', '20200101', '25.00', '100', '元旦采购');
INSERT INTO `tb_buys` VALUES ('202001010001', '000011', '300004', '20200101', '10.00', '100', '元旦采购');
INSERT INTO `tb_buys` VALUES ('202001010001', '000012', '300004', '20200101', '6.00',  '100', '元旦采购');
INSERT INTO `tb_buys` VALUES ('202001010002', '000013', '300005', '20200101', '1.50',  '100', '元旦采购');
INSERT INTO `tb_buys` VALUES ('202001010002', '000014', '300005', '20200101', '1.50',  '300', '元旦采购');
INSERT INTO `tb_buys` VALUES ('202001010002', '000015', '300005', '20200101', '2.00',  '200', '元旦采购');
INSERT INTO `tb_buys` VALUES ('202001010002', '000016', '300006', '20200101', '10.00', '300', '元旦采购');
INSERT INTO `tb_buys` VALUES ('202001010002', '000017', '300006', '20200101', '3.00',  '200', '元旦采购');
INSERT INTO `tb_buys` VALUES ('202001010002', '000018', '300006', '20200101', '6.00',  '500', '元旦采购');
INSERT INTO `tb_buys` VALUES ('202001010002', '000019', '300007', '20200101', '28.50', '400', '元旦采购');
INSERT INTO `tb_buys` VALUES ('202001010002', '000020', '300007', '20200101', '8.50',  '300', '元旦采购');
INSERT INTO `tb_buys` VALUES ('202001010002', '000021', '300007', '20200101', '13.50', '500', '元旦采购');
INSERT INTO `tb_buys` VALUES ('202001010002', '000022', '300008', '20200101', '80.00', '400', '元旦采购');
INSERT INTO `tb_buys` VALUES ('202001010002', '000023', '300008', '20200101', '75.00', '300', '元旦采购');
INSERT INTO `tb_buys` VALUES ('202001010002', '000024', '300008', '20200101', '85.00', '200', '元旦采购');

-- 2020.01.14
INSERT INTO `tb_buys` VALUES ('202001140001', '000001', '300001', '202000101', '1.00',  '200', '一月采购');
INSERT INTO `tb_buys` VALUES ('202001140001', '000002', '300001', '202000101', '1.00',  '300', '一月采购');
INSERT INTO `tb_buys` VALUES ('202001140001', '000003', '300001', '202000101', '0.50',  '100', '一月采购');
INSERT INTO `tb_buys` VALUES ('202001140001', '000004', '300002', '202000101', '2.00',  '100', '一月采购');
INSERT INTO `tb_buys` VALUES ('202001140001', '000005', '300002', '202000101', '30.00', '200', '一月采购');
INSERT INTO `tb_buys` VALUES ('202001140001', '000006', '300002', '202000101', '2.00',  '100', '一月采购');
INSERT INTO `tb_buys` VALUES ('202001140001', '000007', '300003', '202000101', '1.00',  '300', '一月采购');
INSERT INTO `tb_buys` VALUES ('202001140001', '000008', '300003', '202000101', '1.00',  '100', '一月采购');
INSERT INTO `tb_buys` VALUES ('202001140001', '000009', '300003', '202000101', '1.00',  '200', '一月采购');
INSERT INTO `tb_buys` VALUES ('202001140001', '000010', '300004', '202000101', '25.00', '100', '一月采购');
INSERT INTO `tb_buys` VALUES ('202001140001', '000011', '300004', '202000101', '10.00', '100', '一月采购');
INSERT INTO `tb_buys` VALUES ('202001140001', '000012', '300004', '202000101', '6.00',  '100', '一月采购');
INSERT INTO `tb_buys` VALUES ('202001140002', '000013', '300005', '202000101', '1.50',  '100', '一月采购');
INSERT INTO `tb_buys` VALUES ('202001140002', '000014', '300005', '202000101', '1.50',  '300', '一月采购');
INSERT INTO `tb_buys` VALUES ('202001140002', '000015', '300005', '202000101', '2.00',  '200', '一月采购');
INSERT INTO `tb_buys` VALUES ('202001140002', '000016', '300006', '202000101', '10.00', '300', '一月采购');
INSERT INTO `tb_buys` VALUES ('202001140002', '000017', '300006', '202000101', '3.00',  '200', '一月采购');
INSERT INTO `tb_buys` VALUES ('202001140002', '000018', '300006', '202000101', '6.00',  '500', '一月采购');
INSERT INTO `tb_buys` VALUES ('202001140002', '000019', '300007', '202000101', '28.50', '400', '一月采购');
INSERT INTO `tb_buys` VALUES ('202001140002', '000020', '300007', '202000101', '8.50',  '300', '一月采购');
INSERT INTO `tb_buys` VALUES ('202001140002', '000021', '300007', '202000101', '13.50', '500', '一月采购');
INSERT INTO `tb_buys` VALUES ('202001140002', '000022', '300008', '202000101', '80.00', '400', '一月采购');
INSERT INTO `tb_buys` VALUES ('202001140002', '000023', '300008', '202000101', '75.00', '300', '一月采购');
INSERT INTO `tb_buys` VALUES ('202001140002', '000024', '300008', '202000101', '85.00', '200', '一月采购');

-- 同一商品不同供应商
INSERT INTO `tb_buys` VALUES ('201911110001', '000001', '300003', '20191111', '1.50', '100', '光棍节采购');
INSERT INTO `tb_buys` VALUES ('201911110001', '000002', '300003', '20191111', '1.50', '200', '光棍节采购');
INSERT INTO `tb_buys` VALUES ('201911110001', '000003', '300003', '20191111', '1.00', '300', '光棍节采购');
INSERT INTO `tb_buys` VALUES ('201911110001', '000013', '300006', '20191111', '2.00', '400', '光棍节采购');
INSERT INTO `tb_buys` VALUES ('201911110001', '000014', '300006', '20191111', '2.00', '500', '光棍节采购');
INSERT INTO `tb_buys` VALUES ('201911110001', '000015', '300006', '20191111', '2.00', '600', '光棍节采购');

INSERT INTO `tb_buys` VALUES ('201912120001', '000001', '300003', '20191212', '1.50', '100', '双12采购');
INSERT INTO `tb_buys` VALUES ('201912120001', '000002', '300003', '20191212', '1.50', '200', '双12采购');
INSERT INTO `tb_buys` VALUES ('201912120001', '000003', '300003', '20191212', '1.00', '300', '双12采购');
INSERT INTO `tb_buys` VALUES ('201912120001', '000013', '300006', '20191212', '2.00', '400', '双12采购');
INSERT INTO `tb_buys` VALUES ('201912120001', '000014', '300006', '20191212', '2.00', '500', '双12采购');
INSERT INTO `tb_buys` VALUES ('201912120001', '000015', '300006', '20191212', '2.00', '600', '双12采购');

INSERT INTO `tb_buys` VALUES ('202001010001', '000001', '300003', '20200101', '1.50', '100', '元旦采购');
INSERT INTO `tb_buys` VALUES ('202001010001', '000002', '300003', '20200101', '1.50', '200', '元旦采购');
INSERT INTO `tb_buys` VALUES ('202001010001', '000003', '300003', '20200101', '1.00', '300', '元旦采购');
INSERT INTO `tb_buys` VALUES ('202001010001', '000013', '300006', '20200101', '2.00', '400', '元旦采购');
INSERT INTO `tb_buys` VALUES ('202001010001', '000014', '300006', '20200101', '2.00', '500', '元旦采购');
INSERT INTO `tb_buys` VALUES ('202001010001', '000015', '300006', '20200101', '2.00', '600', '元旦采购');

-- 采购清单
INSERT INTO `tb_buy`  VALUES ('201911110001', '2019-11-11', '光棍节采购');
INSERT INTO `tb_buy`  VALUES ('201911110002', '2019-11-11', '光棍节采购');
INSERT INTO `tb_buy`  VALUES ('201911240001', '2019-11-24', '11月采购');
INSERT INTO `tb_buy`  VALUES ('201911240002', '2019-11-24', '11月采购');
INSERT INTO `tb_buy`  VALUES ('201912120001', '2019-12-12', '双12节采购');
INSERT INTO `tb_buy`  VALUES ('201912120002', '2019-12-12', '双12节采购');
INSERT INTO `tb_buy`  VALUES ('201912250001', '2019-12-25', '12月采购');
INSERT INTO `tb_buy`  VALUES ('201912250002', '2019-12-25', '12月采购');
INSERT INTO `tb_buy`  VALUES ('202001010001', '2020-01-01', '元旦采购');
INSERT INTO `tb_buy`  VALUES ('202001010002', '2020-01-01', '元旦采购');
INSERT INTO `tb_buy`  VALUES ('202001140001', '2020-01-14', '1月采购');
INSERT INTO `tb_buy`  VALUES ('202001140002', '2020-01-14', '1月采购');

-- ----------------------------
-- ********入库测试数据********
-- Records of tb_instocks
-- Records of tb_instock
-- ----------------------------
-- 2019.11.11
INSERT INTO `tb_instocks` VALUES ('201911110001', '400001', '000001', '300001', '20191111', '200', '光棍节入库');
INSERT INTO `tb_instocks` VALUES ('201911110001', '400001', '000002', '300001', '20191111', '300', '光棍节入库');
INSERT INTO `tb_instocks` VALUES ('201911110001', '400001', '000003', '300001', '20191111', '100', '光棍节入库');
INSERT INTO `tb_instocks` VALUES ('201911110001', '400001', '000004', '300002', '20191111', '100', '光棍节入库');
INSERT INTO `tb_instocks` VALUES ('201911110001', '400001', '000005', '300002', '20191111', '200', '光棍节入库');
INSERT INTO `tb_instocks` VALUES ('201911110001', '400001', '000006', '300002', '20191111', '100', '光棍节入库');
INSERT INTO `tb_instocks` VALUES ('201911110001', '400001', '000007', '300003', '20191111', '300', '光棍节入库');
INSERT INTO `tb_instocks` VALUES ('201911110001', '400001', '000008', '300003', '20191111', '100', '光棍节入库');
INSERT INTO `tb_instocks` VALUES ('201911110001', '400001', '000009', '300003', '20191111', '200', '光棍节入库');
INSERT INTO `tb_instocks` VALUES ('201911110001', '400001', '000010', '300004', '20191111', '100', '光棍节入库');
INSERT INTO `tb_instocks` VALUES ('201911110001', '400001', '000011', '300004', '20191111', '100', '光棍节入库');
INSERT INTO `tb_instocks` VALUES ('201911110001', '400001', '000012', '300004', '20191111', '100', '光棍节入库');
INSERT INTO `tb_instocks` VALUES ('201911110002', '400002', '000013', '300005', '20191111', '100', '光棍节入库');
INSERT INTO `tb_instocks` VALUES ('201911110002', '400002', '000014', '300005', '20191111', '300', '光棍节入库');
INSERT INTO `tb_instocks` VALUES ('201911110002', '400002', '000015', '300005', '20191111', '200', '光棍节入库');
INSERT INTO `tb_instocks` VALUES ('201911110002', '400002', '000016', '300006', '20191111', '300', '光棍节入库');
INSERT INTO `tb_instocks` VALUES ('201911110002', '400002', '000017', '300006', '20191111', '200', '光棍节入库');
INSERT INTO `tb_instocks` VALUES ('201911110002', '400002', '000018', '300006', '20191111', '500', '光棍节入库');
INSERT INTO `tb_instocks` VALUES ('201911110002', '400002', '000019', '300007', '20191111', '400', '光棍节入库');
INSERT INTO `tb_instocks` VALUES ('201911110002', '400002', '000020', '300007', '20191111', '300', '光棍节入库');
INSERT INTO `tb_instocks` VALUES ('201911110002', '400002', '000021', '300007', '20191111', '500', '光棍节入库');
INSERT INTO `tb_instocks` VALUES ('201911110002', '400002', '000022', '300008', '20191111', '400', '光棍节入库');
INSERT INTO `tb_instocks` VALUES ('201911110002', '400002', '000023', '300008', '20191111', '300', '光棍节入库');
INSERT INTO `tb_instocks` VALUES ('201911110002', '400002', '000024', '300008', '20191111', '200', '光棍节入库');

-- 2019.11.24
INSERT INTO `tb_instocks` VALUES ('201911240001', '400001', '000001', '300001', '20191111', '200', '十一月入库');
INSERT INTO `tb_instocks` VALUES ('201911240001', '400001', '000002', '300001', '20191111', '300', '十一月入库');
INSERT INTO `tb_instocks` VALUES ('201911240001', '400001', '000003', '300001', '20191111', '100', '十一月入库');
INSERT INTO `tb_instocks` VALUES ('201911240001', '400001', '000004', '300002', '20191111', '100', '十一月入库');
INSERT INTO `tb_instocks` VALUES ('201911240001', '400001', '000005', '300002', '20191111', '200', '十一月入库');
INSERT INTO `tb_instocks` VALUES ('201911240001', '400001', '000006', '300002', '20191111', '100', '十一月入库');
INSERT INTO `tb_instocks` VALUES ('201911240001', '400001', '000007', '300003', '20191111', '300', '十一月入库');
INSERT INTO `tb_instocks` VALUES ('201911240001', '400001', '000008', '300003', '20191111', '100', '十一月入库');
INSERT INTO `tb_instocks` VALUES ('201911240001', '400001', '000009', '300003', '20191111', '200', '十一月入库');
INSERT INTO `tb_instocks` VALUES ('201911240001', '400001', '000010', '300004', '20191111', '100', '十一月入库');
INSERT INTO `tb_instocks` VALUES ('201911240001', '400001', '000011', '300004', '20191111', '100', '十一月入库');
INSERT INTO `tb_instocks` VALUES ('201911240001', '400001', '000012', '300004', '20191111', '100', '十一月入库');
INSERT INTO `tb_instocks` VALUES ('201911240002', '400002', '000013', '300005', '20191111', '100', '十一月入库');
INSERT INTO `tb_instocks` VALUES ('201911240002', '400002', '000014', '300005', '20191111', '300', '十一月入库');
INSERT INTO `tb_instocks` VALUES ('201911240002', '400002', '000015', '300005', '20191111', '200', '十一月入库');
INSERT INTO `tb_instocks` VALUES ('201911240002', '400002', '000016', '300006', '20191111', '300', '十一月入库');
INSERT INTO `tb_instocks` VALUES ('201911240002', '400002', '000017', '300006', '20191111', '200', '十一月入库');
INSERT INTO `tb_instocks` VALUES ('201911240002', '400002', '000018', '300006', '20191111', '500', '十一月入库');
INSERT INTO `tb_instocks` VALUES ('201911240002', '400002', '000019', '300007', '20191111', '400', '十一月入库');
INSERT INTO `tb_instocks` VALUES ('201911240002', '400002', '000020', '300007', '20191111', '300', '十一月入库');
INSERT INTO `tb_instocks` VALUES ('201911240002', '400002', '000021', '300007', '20191111', '500', '十一月入库');
INSERT INTO `tb_instocks` VALUES ('201911240002', '400002', '000022', '300008', '20191111', '400', '十一月入库');
INSERT INTO `tb_instocks` VALUES ('201911240002', '400002', '000023', '300008', '20191111', '300', '十一月入库');
INSERT INTO `tb_instocks` VALUES ('201911240002', '400002', '000024', '300008', '20191111', '200', '十一月入库');

-- 2019.12.12
INSERT INTO `tb_instocks` VALUES ('201912120001', '400001', '000001', '300001', '20191212', '200', '双12入库');
INSERT INTO `tb_instocks` VALUES ('201912120001', '400001', '000002', '300001', '20191212', '300', '双12入库');
INSERT INTO `tb_instocks` VALUES ('201912120001', '400001', '000003', '300001', '20191212', '100', '双12入库');
INSERT INTO `tb_instocks` VALUES ('201912120001', '400001', '000004', '300002', '20191212', '100', '双12入库');
INSERT INTO `tb_instocks` VALUES ('201912120001', '400001', '000005', '300002', '20191212', '200', '双12入库');
INSERT INTO `tb_instocks` VALUES ('201912120001', '400001', '000006', '300002', '20191212', '100', '双12入库');
INSERT INTO `tb_instocks` VALUES ('201912120001', '400001', '000007', '300003', '20191212', '300', '双12入库');
INSERT INTO `tb_instocks` VALUES ('201912120001', '400001', '000008', '300003', '20191212', '100', '双12入库');
INSERT INTO `tb_instocks` VALUES ('201912120001', '400001', '000009', '300003', '20191212', '200', '双12入库');
INSERT INTO `tb_instocks` VALUES ('201912120001', '400001', '000010', '300004', '20191212', '100', '双12入库');
INSERT INTO `tb_instocks` VALUES ('201912120001', '400001', '000011', '300004', '20191212', '100', '双12入库');
INSERT INTO `tb_instocks` VALUES ('201912120001', '400001', '000012', '300004', '20191212', '100', '双12入库');
INSERT INTO `tb_instocks` VALUES ('201912120002', '400002', '000013', '300005', '20191212', '100', '双12入库');
INSERT INTO `tb_instocks` VALUES ('201912120002', '400002', '000014', '300005', '20191212', '300', '双12入库');
INSERT INTO `tb_instocks` VALUES ('201912120002', '400002', '000015', '300005', '20191212', '200', '双12入库');
INSERT INTO `tb_instocks` VALUES ('201912120002', '400002', '000016', '300006', '20191212', '300', '双12入库');
INSERT INTO `tb_instocks` VALUES ('201912120002', '400002', '000017', '300006', '20191212', '200', '双12入库');
INSERT INTO `tb_instocks` VALUES ('201912120002', '400002', '000018', '300006', '20191212', '500', '双12入库');
INSERT INTO `tb_instocks` VALUES ('201912120002', '400002', '000019', '300007', '20191212', '400', '双12入库');
INSERT INTO `tb_instocks` VALUES ('201912120002', '400002', '000020', '300007', '20191212', '300', '双12入库');
INSERT INTO `tb_instocks` VALUES ('201912120002', '400002', '000021', '300007', '20191212', '500', '双12入库');
INSERT INTO `tb_instocks` VALUES ('201912120002', '400002', '000022', '300008', '20191212', '400', '双12入库');
INSERT INTO `tb_instocks` VALUES ('201912120002', '400002', '000023', '300008', '20191212', '300', '双12入库');
INSERT INTO `tb_instocks` VALUES ('201912120002', '400002', '000024', '300008', '20191212', '200', '双12入库');

-- 2019.12.25
INSERT INTO `tb_instocks` VALUES ('201912250001', '400001', '000001', '300001', '20191212', '200', '12月入库');
INSERT INTO `tb_instocks` VALUES ('201912250001', '400001', '000002', '300001', '20191212', '300', '12月入库');
INSERT INTO `tb_instocks` VALUES ('201912250001', '400001', '000003', '300001', '20191212', '100', '12月入库');
INSERT INTO `tb_instocks` VALUES ('201912250001', '400001', '000004', '300002', '20191212', '100', '12月入库');
INSERT INTO `tb_instocks` VALUES ('201912250001', '400001', '000005', '300002', '20191212', '200', '12月入库');
INSERT INTO `tb_instocks` VALUES ('201912250001', '400001', '000006', '300002', '20191212', '100', '12月入库');
INSERT INTO `tb_instocks` VALUES ('201912250001', '400001', '000007', '300003', '20191212', '300', '12月入库');
INSERT INTO `tb_instocks` VALUES ('201912250001', '400001', '000008', '300003', '20191212', '100', '12月入库');
INSERT INTO `tb_instocks` VALUES ('201912250001', '400001', '000009', '300003', '20191212', '200', '12月入库');
INSERT INTO `tb_instocks` VALUES ('201912250001', '400001', '000010', '300004', '20191212', '100', '12月入库');
INSERT INTO `tb_instocks` VALUES ('201912250001', '400001', '000011', '300004', '20191212', '100', '12月入库');
INSERT INTO `tb_instocks` VALUES ('201912250001', '400001', '000012', '300004', '20191212', '100', '12月入库');
INSERT INTO `tb_instocks` VALUES ('201912250002', '400002', '000013', '300005', '20191212', '100', '12月入库');
INSERT INTO `tb_instocks` VALUES ('201912250002', '400002', '000014', '300005', '20191212', '300', '12月入库');
INSERT INTO `tb_instocks` VALUES ('201912250002', '400002', '000015', '300005', '20191212', '200', '12月入库');
INSERT INTO `tb_instocks` VALUES ('201912250002', '400002', '000016', '300006', '20191212', '300', '12月入库');
INSERT INTO `tb_instocks` VALUES ('201912250002', '400002', '000017', '300006', '20191212', '200', '12月入库');
INSERT INTO `tb_instocks` VALUES ('201912250002', '400002', '000018', '300006', '20191212', '500', '12月入库');
INSERT INTO `tb_instocks` VALUES ('201912250002', '400002', '000019', '300007', '20191212', '400', '12月入库');
INSERT INTO `tb_instocks` VALUES ('201912250002', '400002', '000020', '300007', '20191212', '300', '12月入库');
INSERT INTO `tb_instocks` VALUES ('201912250002', '400002', '000021', '300007', '20191212', '500', '12月入库');
INSERT INTO `tb_instocks` VALUES ('201912250002', '400002', '000022', '300008', '20191212', '400', '12月入库');
INSERT INTO `tb_instocks` VALUES ('201912250002', '400002', '000023', '300008', '20191212', '300', '12月入库');
INSERT INTO `tb_instocks` VALUES ('201912250002', '400002', '000024', '300008', '20191212', '200', '12月入库');

-- 2020.01.01
INSERT INTO `tb_instocks` VALUES ('202001010001', '400001', '000001', '300001', '20200101', '200', '元旦入库');
INSERT INTO `tb_instocks` VALUES ('202001010001', '400001', '000002', '300001', '20200101', '300', '元旦入库');
INSERT INTO `tb_instocks` VALUES ('202001010001', '400001', '000003', '300001', '20200101', '100', '元旦入库');
INSERT INTO `tb_instocks` VALUES ('202001010001', '400001', '000004', '300002', '20200101', '100', '元旦入库');
INSERT INTO `tb_instocks` VALUES ('202001010001', '400001', '000005', '300002', '20200101', '200', '元旦入库');
INSERT INTO `tb_instocks` VALUES ('202001010001', '400001', '000006', '300002', '20200101', '100', '元旦入库');
INSERT INTO `tb_instocks` VALUES ('202001010001', '400001', '000007', '300003', '20200101', '300', '元旦入库');
INSERT INTO `tb_instocks` VALUES ('202001010001', '400001', '000008', '300003', '20200101', '100', '元旦入库');
INSERT INTO `tb_instocks` VALUES ('202001010001', '400001', '000009', '300003', '20200101', '200', '元旦入库');
INSERT INTO `tb_instocks` VALUES ('202001010001', '400001', '000010', '300004', '20200101', '100', '元旦入库');
INSERT INTO `tb_instocks` VALUES ('202001010001', '400001', '000011', '300004', '20200101', '100', '元旦入库');
INSERT INTO `tb_instocks` VALUES ('202001010001', '400001', '000012', '300004', '20200101', '100', '元旦入库');
INSERT INTO `tb_instocks` VALUES ('202001010002', '400002', '000013', '300005', '20200101', '100', '元旦入库');
INSERT INTO `tb_instocks` VALUES ('202001010002', '400002', '000014', '300005', '20200101', '300', '元旦入库');
INSERT INTO `tb_instocks` VALUES ('202001010002', '400002', '000015', '300005', '20200101', '200', '元旦入库');
INSERT INTO `tb_instocks` VALUES ('202001010002', '400002', '000016', '300006', '20200101', '300', '元旦入库');
INSERT INTO `tb_instocks` VALUES ('202001010002', '400002', '000017', '300006', '20200101', '200', '元旦入库');
INSERT INTO `tb_instocks` VALUES ('202001010002', '400002', '000018', '300006', '20200101', '500', '元旦入库');
INSERT INTO `tb_instocks` VALUES ('202001010002', '400002', '000019', '300007', '20200101', '400', '元旦入库');
INSERT INTO `tb_instocks` VALUES ('202001010002', '400002', '000020', '300007', '20200101', '300', '元旦入库');
INSERT INTO `tb_instocks` VALUES ('202001010002', '400002', '000021', '300007', '20200101', '500', '元旦入库');
INSERT INTO `tb_instocks` VALUES ('202001010002', '400002', '000022', '300008', '20200101', '400', '元旦入库');
INSERT INTO `tb_instocks` VALUES ('202001010002', '400002', '000023', '300008', '20200101', '300', '元旦入库');
INSERT INTO `tb_instocks` VALUES ('202001010002', '400002', '000024', '300008', '20200101', '200', '元旦入库');

-- 2020.01.14
INSERT INTO `tb_instocks` VALUES ('202001140001', '400001', '000001', '300001', '20200101', '200', '1月入库');
INSERT INTO `tb_instocks` VALUES ('202001140001', '400001', '000002', '300001', '20200101', '300', '1月入库');
INSERT INTO `tb_instocks` VALUES ('202001140001', '400001', '000003', '300001', '20200101', '100', '1月入库');
INSERT INTO `tb_instocks` VALUES ('202001140001', '400001', '000004', '300002', '20200101', '100', '1月入库');
INSERT INTO `tb_instocks` VALUES ('202001140001', '400001', '000005', '300002', '20200101', '200', '1月入库');
INSERT INTO `tb_instocks` VALUES ('202001140001', '400001', '000006', '300002', '20200101', '100', '1月入库');
INSERT INTO `tb_instocks` VALUES ('202001140001', '400001', '000007', '300003', '20200101', '300', '1月入库');
INSERT INTO `tb_instocks` VALUES ('202001140001', '400001', '000008', '300003', '20200101', '100', '1月入库');
INSERT INTO `tb_instocks` VALUES ('202001140001', '400001', '000009', '300003', '20200101', '200', '1月入库');
INSERT INTO `tb_instocks` VALUES ('202001140001', '400001', '000010', '300004', '20200101', '100', '1月入库');
INSERT INTO `tb_instocks` VALUES ('202001140001', '400001', '000011', '300004', '20200101', '100', '1月入库');
INSERT INTO `tb_instocks` VALUES ('202001140001', '400001', '000012', '300004', '20200101', '100', '1月入库');
INSERT INTO `tb_instocks` VALUES ('202001140002', '400002', '000013', '300005', '20200101', '100', '1月入库');
INSERT INTO `tb_instocks` VALUES ('202001140002', '400002', '000014', '300005', '20200101', '300', '1月入库');
INSERT INTO `tb_instocks` VALUES ('202001140002', '400002', '000015', '300005', '20200101', '200', '1月入库');
INSERT INTO `tb_instocks` VALUES ('202001140002', '400002', '000016', '300006', '20200101', '300', '1月入库');
INSERT INTO `tb_instocks` VALUES ('202001140002', '400002', '000017', '300006', '20200101', '200', '1月入库');
INSERT INTO `tb_instocks` VALUES ('202001140002', '400002', '000018', '300006', '20200101', '500', '1月入库');
INSERT INTO `tb_instocks` VALUES ('202001140002', '400002', '000019', '300007', '20200101', '400', '1月入库');
INSERT INTO `tb_instocks` VALUES ('202001140002', '400002', '000020', '300007', '20200101', '300', '1月入库');
INSERT INTO `tb_instocks` VALUES ('202001140002', '400002', '000021', '300007', '20200101', '500', '1月入库');
INSERT INTO `tb_instocks` VALUES ('202001140002', '400002', '000022', '300008', '20200101', '400', '1月入库');
INSERT INTO `tb_instocks` VALUES ('202001140002', '400002', '000023', '300008', '20200101', '300', '1月入库');
INSERT INTO `tb_instocks` VALUES ('202001140002', '400002', '000024', '300008', '20200101', '200', '1月入库');

-- 同一商品不同供应商
INSERT INTO `tb_instocks` VALUES ('201911110001', '400001', '000001', '300003', '20191111', '100', '光棍节入库');
INSERT INTO `tb_instocks` VALUES ('201911110001', '400001', '000002', '300003', '20191111', '200', '光棍节入库');
INSERT INTO `tb_instocks` VALUES ('201911110001', '400001', '000003', '300003', '20191111', '300', '光棍节入库');
INSERT INTO `tb_instocks` VALUES ('201911110001', '400001', '000013', '300006', '20191111', '400', '光棍节入库');
INSERT INTO `tb_instocks` VALUES ('201911110001', '400001', '000014', '300006', '20191111', '500', '光棍节入库');
INSERT INTO `tb_instocks` VALUES ('201911110001', '400001', '000015', '300006', '20191111', '600', '光棍节入库');

INSERT INTO `tb_instocks` VALUES ('201912120001', '400001', '000001', '300003', '20191212', '100', '双12入库');
INSERT INTO `tb_instocks` VALUES ('201912120001', '400001', '000002', '300003', '20191212', '200', '双12入库');
INSERT INTO `tb_instocks` VALUES ('201912120001', '400001', '000003', '300003', '20191212', '300', '双12入库');
INSERT INTO `tb_instocks` VALUES ('201912120001', '400001', '000013', '300006', '20191212', '400', '双12入库');
INSERT INTO `tb_instocks` VALUES ('201912120001', '400001', '000014', '300006', '20191212', '500', '双12入库');
INSERT INTO `tb_instocks` VALUES ('201912120001', '400001', '000015', '300006', '20191212', '600', '双12入库');

INSERT INTO `tb_instocks` VALUES ('202001010001', '400001', '000001', '300003', '20200101', '100', '元旦入库');
INSERT INTO `tb_instocks` VALUES ('202001010001', '400001', '000002', '300003', '20200101', '200', '元旦入库');
INSERT INTO `tb_instocks` VALUES ('202001010001', '400001', '000003', '300003', '20200101', '300', '元旦入库');
INSERT INTO `tb_instocks` VALUES ('202001010001', '400001', '000013', '300006', '20200101', '400', '元旦入库');
INSERT INTO `tb_instocks` VALUES ('202001010001', '400001', '000014', '300006', '20200101', '500', '元旦入库');
INSERT INTO `tb_instocks` VALUES ('202001010001', '400001', '000015', '300006', '20200101', '600', '元旦入库');

-- 入库记录
INSERT INTO `tb_instock`  VALUES ('201911110001', '2019-11-11', '光棍节入库');
INSERT INTO `tb_instock`  VALUES ('201911110002', '2019-11-11', '光棍节入库');
INSERT INTO `tb_instock`  VALUES ('201911240001', '2019-11-24', '11月入库');
INSERT INTO `tb_instock`  VALUES ('201911240002', '2019-11-24', '11月入库');
INSERT INTO `tb_instock`  VALUES ('201912120001', '2019-12-12', '双12节入库');
INSERT INTO `tb_instock`  VALUES ('201912120002', '2019-12-12', '双12节入库');
INSERT INTO `tb_instock`  VALUES ('201912250001', '2019-12-25', '12月入库');
INSERT INTO `tb_instock`  VALUES ('201912250002', '2019-12-25', '12月入库');
INSERT INTO `tb_instock`  VALUES ('202001010001', '2020-01-01', '元旦入库');
INSERT INTO `tb_instock`  VALUES ('202001010002', '2020-01-01', '元旦入库');
INSERT INTO `tb_instock`  VALUES ('202001140001', '2020-01-14', '1月入库');
INSERT INTO `tb_instock`  VALUES ('202001140002', '2020-01-14', '1月入库');

-- ----------------------------
-- ********出库测试数据********
-- Records of tb_instocks
-- Records of tb_instock
-- ----------------------------
-- 2019.11.12
INSERT INTO `tb_outstocks` VALUES ('201911120001', '400001', '000001', '300001', '20191111', '100', '11月出库');
INSERT INTO `tb_outstocks` VALUES ('201911120001', '400001', '000002', '300001', '20191111', '100', '11月出库');
INSERT INTO `tb_outstocks` VALUES ('201911120001', '400001', '000003', '300001', '20191111', '50',  '11月出库');
INSERT INTO `tb_outstocks` VALUES ('201911120001', '400001', '000004', '300002', '20191111', '50',  '11月出库');
INSERT INTO `tb_outstocks` VALUES ('201911120001', '400001', '000005', '300002', '20191111', '100', '11月出库');
INSERT INTO `tb_outstocks` VALUES ('201911120001', '400001', '000006', '300002', '20191111', '50',  '11月出库');
INSERT INTO `tb_outstocks` VALUES ('201911120001', '400001', '000007', '300003', '20191111', '100', '11月出库');
INSERT INTO `tb_outstocks` VALUES ('201911120001', '400001', '000008', '300003', '20191111', '50',  '11月出库');
INSERT INTO `tb_outstocks` VALUES ('201911120001', '400001', '000009', '300003', '20191111', '100', '11月出库');
INSERT INTO `tb_outstocks` VALUES ('201911120001', '400001', '000010', '300004', '20191111', '50',  '11月出库');
INSERT INTO `tb_outstocks` VALUES ('201911120001', '400001', '000011', '300004', '20191111', '50',  '11月出库');
INSERT INTO `tb_outstocks` VALUES ('201911120001', '400001', '000012', '300004', '20191111', '50',  '11月出库');
INSERT INTO `tb_outstocks` VALUES ('201911120002', '400002', '000013', '300005', '20191111', '50',  '11月出库');
INSERT INTO `tb_outstocks` VALUES ('201911120002', '400002', '000014', '300005', '20191111', '100', '11月出库');
INSERT INTO `tb_outstocks` VALUES ('201911120002', '400002', '000015', '300005', '20191111', '100', '11月出库');
INSERT INTO `tb_outstocks` VALUES ('201911120002', '400002', '000016', '300006', '20191111', '100', '11月出库');
INSERT INTO `tb_outstocks` VALUES ('201911120002', '400002', '000017', '300006', '20191111', '100', '11月出库');
INSERT INTO `tb_outstocks` VALUES ('201911120002', '400002', '000018', '300006', '20191111', '100', '11月出库');
INSERT INTO `tb_outstocks` VALUES ('201911120002', '400002', '000019', '300007', '20191111', '100', '11月出库');
INSERT INTO `tb_outstocks` VALUES ('201911120002', '400002', '000020', '300007', '20191111', '100', '11月出库');
INSERT INTO `tb_outstocks` VALUES ('201911120002', '400002', '000021', '300007', '20191111', '100', '11月出库');
INSERT INTO `tb_outstocks` VALUES ('201911120002', '400002', '000022', '300008', '20191111', '100', '11月出库');
INSERT INTO `tb_outstocks` VALUES ('201911120002', '400002', '000023', '300008', '20191111', '100', '11月出库');
INSERT INTO `tb_outstocks` VALUES ('201911120002', '400002', '000024', '300008', '20191111', '100', '11月出库');

-- 2019.11.25
INSERT INTO `tb_outstocks` VALUES ('201911250001', '400001', '000001', '300001', '20191111', '100', '11月出库');
INSERT INTO `tb_outstocks` VALUES ('201911250001', '400001', '000002', '300001', '20191111', '100', '11月出库');
INSERT INTO `tb_outstocks` VALUES ('201911250001', '400001', '000003', '300001', '20191111', '50',  '11月出库');
INSERT INTO `tb_outstocks` VALUES ('201911250001', '400001', '000004', '300002', '20191111', '50',  '11月出库');
INSERT INTO `tb_outstocks` VALUES ('201911250001', '400001', '000005', '300002', '20191111', '100', '11月出库');
INSERT INTO `tb_outstocks` VALUES ('201911250001', '400001', '000006', '300002', '20191111', '50',  '11月出库');
INSERT INTO `tb_outstocks` VALUES ('201911250001', '400001', '000007', '300003', '20191111', '100', '11月出库');
INSERT INTO `tb_outstocks` VALUES ('201911250001', '400001', '000008', '300003', '20191111', '50',  '11月出库');
INSERT INTO `tb_outstocks` VALUES ('201911250001', '400001', '000009', '300003', '20191111', '100', '11月出库');
INSERT INTO `tb_outstocks` VALUES ('201911250001', '400001', '000010', '300004', '20191111', '50',  '11月出库');
INSERT INTO `tb_outstocks` VALUES ('201911250001', '400001', '000011', '300004', '20191111', '50',  '11月出库');
INSERT INTO `tb_outstocks` VALUES ('201911250001', '400001', '000012', '300004', '20191111', '50',  '11月出库');
INSERT INTO `tb_outstocks` VALUES ('201911250002', '400002', '000013', '300005', '20191111', '50',  '11月出库');
INSERT INTO `tb_outstocks` VALUES ('201911250002', '400002', '000014', '300005', '20191111', '100', '11月出库');
INSERT INTO `tb_outstocks` VALUES ('201911250002', '400002', '000015', '300005', '20191111', '100', '11月出库');
INSERT INTO `tb_outstocks` VALUES ('201911250002', '400002', '000016', '300006', '20191111', '100', '11月出库');
INSERT INTO `tb_outstocks` VALUES ('201911250002', '400002', '000017', '300006', '20191111', '100', '11月出库');
INSERT INTO `tb_outstocks` VALUES ('201911250002', '400002', '000018', '300006', '20191111', '100', '11月出库');
INSERT INTO `tb_outstocks` VALUES ('201911250002', '400002', '000019', '300007', '20191111', '100', '11月出库');
INSERT INTO `tb_outstocks` VALUES ('201911250002', '400002', '000020', '300007', '20191111', '100', '11月出库');
INSERT INTO `tb_outstocks` VALUES ('201911250002', '400002', '000021', '300007', '20191111', '100', '11月出库');
INSERT INTO `tb_outstocks` VALUES ('201911250002', '400002', '000022', '300008', '20191111', '100', '11月出库');
INSERT INTO `tb_outstocks` VALUES ('201911250002', '400002', '000023', '300008', '20191111', '100', '11月出库');
INSERT INTO `tb_outstocks` VALUES ('201911250002', '400002', '000024', '300008', '20191111', '100', '11月出库');

-- 2019.12.13
INSERT INTO `tb_outstocks` VALUES ('201912130001', '400001', '000001', '300001', '20191212', '100', '12月出库');
INSERT INTO `tb_outstocks` VALUES ('201912130001', '400001', '000002', '300001', '20191212', '100', '12月出库');
INSERT INTO `tb_outstocks` VALUES ('201912130001', '400001', '000003', '300001', '20191212', '50',  '12月出库');
INSERT INTO `tb_outstocks` VALUES ('201912130001', '400001', '000004', '300002', '20191212', '50',  '12月出库');
INSERT INTO `tb_outstocks` VALUES ('201912130001', '400001', '000005', '300002', '20191212', '100', '12月出库');
INSERT INTO `tb_outstocks` VALUES ('201912130001', '400001', '000006', '300002', '20191212', '50',  '12月出库');
INSERT INTO `tb_outstocks` VALUES ('201912130001', '400001', '000007', '300003', '20191212', '100', '12月出库');
INSERT INTO `tb_outstocks` VALUES ('201912130001', '400001', '000008', '300003', '20191212', '50',  '12月出库');
INSERT INTO `tb_outstocks` VALUES ('201912130001', '400001', '000009', '300003', '20191212', '100', '12月出库');
INSERT INTO `tb_outstocks` VALUES ('201912130001', '400001', '000010', '300004', '20191212', '50',  '12月出库');
INSERT INTO `tb_outstocks` VALUES ('201912130001', '400001', '000011', '300004', '20191212', '50',  '12月出库');
INSERT INTO `tb_outstocks` VALUES ('201912130001', '400001', '000012', '300004', '20191212', '50',  '12月出库');
INSERT INTO `tb_outstocks` VALUES ('201912130002', '400002', '000013', '300005', '20191212', '50',  '12月出库');
INSERT INTO `tb_outstocks` VALUES ('201912130002', '400002', '000014', '300005', '20191212', '100', '12月出库');
INSERT INTO `tb_outstocks` VALUES ('201912130002', '400002', '000015', '300005', '20191212', '100', '12月出库');
INSERT INTO `tb_outstocks` VALUES ('201912130002', '400002', '000016', '300006', '20191212', '100', '12月出库');
INSERT INTO `tb_outstocks` VALUES ('201912130002', '400002', '000017', '300006', '20191212', '100', '12月出库');
INSERT INTO `tb_outstocks` VALUES ('201912130002', '400002', '000018', '300006', '20191212', '100', '12月出库');
INSERT INTO `tb_outstocks` VALUES ('201912130002', '400002', '000019', '300007', '20191212', '100', '12月出库');
INSERT INTO `tb_outstocks` VALUES ('201912130002', '400002', '000020', '300007', '20191212', '100', '12月出库');
INSERT INTO `tb_outstocks` VALUES ('201912130002', '400002', '000021', '300007', '20191212', '100', '12月出库');
INSERT INTO `tb_outstocks` VALUES ('201912130002', '400002', '000022', '300008', '20191212', '100', '12月出库');
INSERT INTO `tb_outstocks` VALUES ('201912130002', '400002', '000023', '300008', '20191212', '100', '12月出库');
INSERT INTO `tb_outstocks` VALUES ('201912130002', '400002', '000024', '300008', '20191212', '100', '12月出库');

-- 2019.12.26
INSERT INTO `tb_outstocks` VALUES ('201912260001', '400001', '000001', '300001', '20191212', '100', '12月出库');
INSERT INTO `tb_outstocks` VALUES ('201912260001', '400001', '000002', '300001', '20191212', '100', '12月出库');
INSERT INTO `tb_outstocks` VALUES ('201912260001', '400001', '000003', '300001', '20191212', '50',  '12月出库');
INSERT INTO `tb_outstocks` VALUES ('201912260001', '400001', '000004', '300002', '20191212', '50',  '12月出库');
INSERT INTO `tb_outstocks` VALUES ('201912260001', '400001', '000005', '300002', '20191212', '100', '12月出库');
INSERT INTO `tb_outstocks` VALUES ('201912260001', '400001', '000006', '300002', '20191212', '50',  '12月出库');
INSERT INTO `tb_outstocks` VALUES ('201912260001', '400001', '000007', '300003', '20191212', '100', '12月出库');
INSERT INTO `tb_outstocks` VALUES ('201912260001', '400001', '000008', '300003', '20191212', '50',  '12月出库');
INSERT INTO `tb_outstocks` VALUES ('201912260001', '400001', '000009', '300003', '20191212', '100', '12月出库');
INSERT INTO `tb_outstocks` VALUES ('201912260001', '400001', '000010', '300004', '20191212', '50',  '12月出库');
INSERT INTO `tb_outstocks` VALUES ('201912260001', '400001', '000011', '300004', '20191212', '50',  '12月出库');
INSERT INTO `tb_outstocks` VALUES ('201912260001', '400001', '000012', '300004', '20191212', '50',  '12月出库');
INSERT INTO `tb_outstocks` VALUES ('201912260002', '400002', '000013', '300005', '20191212', '50',  '12月出库');
INSERT INTO `tb_outstocks` VALUES ('201912260002', '400002', '000014', '300005', '20191212', '100', '12月出库');
INSERT INTO `tb_outstocks` VALUES ('201912260002', '400002', '000015', '300005', '20191212', '100', '12月出库');
INSERT INTO `tb_outstocks` VALUES ('201912260002', '400002', '000016', '300006', '20191212', '100', '12月出库');
INSERT INTO `tb_outstocks` VALUES ('201912260002', '400002', '000017', '300006', '20191212', '100', '12月出库');
INSERT INTO `tb_outstocks` VALUES ('201912260002', '400002', '000018', '300006', '20191212', '100', '12月出库');
INSERT INTO `tb_outstocks` VALUES ('201912260002', '400002', '000019', '300007', '20191212', '100', '12月出库');
INSERT INTO `tb_outstocks` VALUES ('201912260002', '400002', '000020', '300007', '20191212', '100', '12月出库');
INSERT INTO `tb_outstocks` VALUES ('201912260002', '400002', '000021', '300007', '20191212', '100', '12月出库');
INSERT INTO `tb_outstocks` VALUES ('201912260002', '400002', '000022', '300008', '20191212', '100', '12月出库');
INSERT INTO `tb_outstocks` VALUES ('201912260002', '400002', '000023', '300008', '20191212', '100', '12月出库');
INSERT INTO `tb_outstocks` VALUES ('201912260002', '400002', '000024', '300008', '20191212', '100', '12月出库');

-- 2020.01.02
INSERT INTO `tb_outstocks` VALUES ('202001020001', '400001', '000001', '300001', '20200101', '100', '1月出库');
INSERT INTO `tb_outstocks` VALUES ('202001020001', '400001', '000002', '300001', '20200101', '100', '1月出库');
INSERT INTO `tb_outstocks` VALUES ('202001020001', '400001', '000003', '300001', '20200101', '50',  '1月出库');
INSERT INTO `tb_outstocks` VALUES ('202001020001', '400001', '000004', '300002', '20200101', '50',  '1月出库');
INSERT INTO `tb_outstocks` VALUES ('202001020001', '400001', '000005', '300002', '20200101', '100', '1月出库');
INSERT INTO `tb_outstocks` VALUES ('202001020001', '400001', '000006', '300002', '20200101', '50',  '1月出库');
INSERT INTO `tb_outstocks` VALUES ('202001020001', '400001', '000007', '300003', '20200101', '100', '1月出库');
INSERT INTO `tb_outstocks` VALUES ('202001020001', '400001', '000008', '300003', '20200101', '50',  '1月出库');
INSERT INTO `tb_outstocks` VALUES ('202001020001', '400001', '000009', '300003', '20200101', '100', '1月出库');
INSERT INTO `tb_outstocks` VALUES ('202001020001', '400001', '000010', '300004', '20200101', '50',  '1月出库');
INSERT INTO `tb_outstocks` VALUES ('202001020001', '400001', '000011', '300004', '20200101', '50',  '1月出库');
INSERT INTO `tb_outstocks` VALUES ('202001020001', '400001', '000012', '300004', '20200101', '50',  '1月出库');
INSERT INTO `tb_outstocks` VALUES ('202001020002', '400002', '000013', '300005', '20200101', '50',  '1月出库');
INSERT INTO `tb_outstocks` VALUES ('202001020002', '400002', '000014', '300005', '20200101', '100', '1月出库');
INSERT INTO `tb_outstocks` VALUES ('202001020002', '400002', '000015', '300005', '20200101', '100', '1月出库');
INSERT INTO `tb_outstocks` VALUES ('202001020002', '400002', '000016', '300006', '20200101', '100', '1月出库');
INSERT INTO `tb_outstocks` VALUES ('202001020002', '400002', '000017', '300006', '20200101', '100', '1月出库');
INSERT INTO `tb_outstocks` VALUES ('202001020002', '400002', '000018', '300006', '20200101', '100', '1月出库');
INSERT INTO `tb_outstocks` VALUES ('202001020002', '400002', '000019', '300007', '20200101', '100', '1月出库');
INSERT INTO `tb_outstocks` VALUES ('202001020002', '400002', '000020', '300007', '20200101', '100', '1月出库');
INSERT INTO `tb_outstocks` VALUES ('202001020002', '400002', '000021', '300007', '20200101', '100', '1月出库');
INSERT INTO `tb_outstocks` VALUES ('202001020002', '400002', '000022', '300008', '20200101', '100', '1月出库');
INSERT INTO `tb_outstocks` VALUES ('202001020002', '400002', '000023', '300008', '20200101', '100', '1月出库');
INSERT INTO `tb_outstocks` VALUES ('202001020002', '400002', '000024', '300008', '20200101', '100', '1月出库');

-- 2020.01.15
INSERT INTO `tb_outstocks` VALUES ('202001150001', '400001', '000001', '300001', '20200101', '100', '1月出库');
INSERT INTO `tb_outstocks` VALUES ('202001150001', '400001', '000002', '300001', '20200101', '100', '1月出库');
INSERT INTO `tb_outstocks` VALUES ('202001150001', '400001', '000003', '300001', '20200101', '50',  '1月出库');
INSERT INTO `tb_outstocks` VALUES ('202001150001', '400001', '000004', '300002', '20200101', '50',  '1月出库');
INSERT INTO `tb_outstocks` VALUES ('202001150001', '400001', '000005', '300002', '20200101', '100', '1月出库');
INSERT INTO `tb_outstocks` VALUES ('202001150001', '400001', '000006', '300002', '20200101', '50',  '1月出库');
INSERT INTO `tb_outstocks` VALUES ('202001150001', '400001', '000007', '300003', '20200101', '100', '1月出库');
INSERT INTO `tb_outstocks` VALUES ('202001150001', '400001', '000008', '300003', '20200101', '50',  '1月出库');
INSERT INTO `tb_outstocks` VALUES ('202001150001', '400001', '000009', '300003', '20200101', '100', '1月出库');
INSERT INTO `tb_outstocks` VALUES ('202001150001', '400001', '000010', '300004', '20200101', '50',  '1月出库');
INSERT INTO `tb_outstocks` VALUES ('202001150001', '400001', '000011', '300004', '20200101', '50',  '1月出库');
INSERT INTO `tb_outstocks` VALUES ('202001150001', '400001', '000012', '300004', '20200101', '50',  '1月出库');
INSERT INTO `tb_outstocks` VALUES ('202001150002', '400002', '000013', '300005', '20200101', '50',  '1月出库');
INSERT INTO `tb_outstocks` VALUES ('202001150002', '400002', '000014', '300005', '20200101', '100', '1月出库');
INSERT INTO `tb_outstocks` VALUES ('202001150002', '400002', '000015', '300005', '20200101', '100', '1月出库');
INSERT INTO `tb_outstocks` VALUES ('202001150002', '400002', '000016', '300006', '20200101', '100', '1月出库');
INSERT INTO `tb_outstocks` VALUES ('202001150002', '400002', '000017', '300006', '20200101', '100', '1月出库');
INSERT INTO `tb_outstocks` VALUES ('202001150002', '400002', '000018', '300006', '20200101', '100', '1月出库');
INSERT INTO `tb_outstocks` VALUES ('202001150002', '400002', '000019', '300007', '20200101', '100', '1月出库');
INSERT INTO `tb_outstocks` VALUES ('202001150002', '400002', '000020', '300007', '20200101', '100', '1月出库');
INSERT INTO `tb_outstocks` VALUES ('202001150002', '400002', '000021', '300007', '20200101', '100', '1月出库');
INSERT INTO `tb_outstocks` VALUES ('202001150002', '400002', '000022', '300008', '20200101', '100', '1月出库');
INSERT INTO `tb_outstocks` VALUES ('202001150002', '400002', '000023', '300008', '20200101', '100', '1月出库');
INSERT INTO `tb_outstocks` VALUES ('202001150002', '400002', '000024', '300008', '20200101', '100', '1月出库');

-- 出库记录
INSERT INTO `tb_outstock`  VALUES ('201911120001', '2019-11-11', '11月出库');
INSERT INTO `tb_outstock`  VALUES ('201911120002', '2019-11-11', '11月出库');
INSERT INTO `tb_outstock`  VALUES ('201911250001', '2019-11-24', '11月出库');
INSERT INTO `tb_outstock`  VALUES ('201911250002', '2019-11-24', '11月出库');
INSERT INTO `tb_outstock`  VALUES ('201912130001', '2019-12-12', '12月出库');
INSERT INTO `tb_outstock`  VALUES ('201912130002', '2019-12-12', '12月出库');
INSERT INTO `tb_outstock`  VALUES ('201912260001', '2019-12-25', '12月出库');
INSERT INTO `tb_outstock`  VALUES ('201912260002', '2019-12-25', '12月出库');
INSERT INTO `tb_outstock`  VALUES ('202001020001', '2020-01-01', '1月出库');
INSERT INTO `tb_outstock`  VALUES ('202001020002', '2020-01-01', '1月出库');
INSERT INTO `tb_outstock`  VALUES ('202001150001', '2020-01-14', '1月出库');
INSERT INTO `tb_outstock`  VALUES ('202001150002', '2020-01-14', '1月出库');

-- ----------------------------
-- *******库存测试数据*********
-- Records of tb_stock
-- ----------------------------
-- 2019.11.11
INSERT INTO `tb_stock` VALUES ('400001', '000001', '300001', '20191111', '200', DEFAULT, DEFAULT, '库存充足');
INSERT INTO `tb_stock` VALUES ('400001', '000002', '300001', '20191111', '400', DEFAULT, DEFAULT, '库存充足');
INSERT INTO `tb_stock` VALUES ('400001', '000003', '300001', '20191111', '100', DEFAULT, DEFAULT, '库存充足');
INSERT INTO `tb_stock` VALUES ('400001', '000004', '300002', '20191111', '100', DEFAULT, DEFAULT, '库存充足');
INSERT INTO `tb_stock` VALUES ('400001', '000005', '300002', '20191111', '200', DEFAULT, DEFAULT, '库存充足');
INSERT INTO `tb_stock` VALUES ('400001', '000006', '300002', '20191111', '100', DEFAULT, DEFAULT, '库存充足');
INSERT INTO `tb_stock` VALUES ('400001', '000007', '300003', '20191111', '400', DEFAULT, DEFAULT, '库存充足');
INSERT INTO `tb_stock` VALUES ('400001', '000008', '300003', '20191111', '100', DEFAULT, DEFAULT, '库存充足');
INSERT INTO `tb_stock` VALUES ('400001', '000009', '300003', '20191111', '200', DEFAULT, DEFAULT, '库存充足');
INSERT INTO `tb_stock` VALUES ('400001', '000010', '300004', '20191111', '100', DEFAULT, DEFAULT, '库存充足');
INSERT INTO `tb_stock` VALUES ('400001', '000011', '300004', '20191111', '100', DEFAULT, DEFAULT, '库存充足');
INSERT INTO `tb_stock` VALUES ('400001', '000012', '300004', '20191111', '100', DEFAULT, DEFAULT, '库存充足');
INSERT INTO `tb_stock` VALUES ('400002', '000013', '300005', '20191111', '100', DEFAULT, DEFAULT, '库存充足');
INSERT INTO `tb_stock` VALUES ('400002', '000014', '300005', '20191111', '400', DEFAULT, DEFAULT, '库存充足');
INSERT INTO `tb_stock` VALUES ('400002', '000015', '300005', '20191111', '200', DEFAULT, DEFAULT, '库存充足');
INSERT INTO `tb_stock` VALUES ('400002', '000016', '300006', '20191111', '400', DEFAULT, DEFAULT, '库存充足');
INSERT INTO `tb_stock` VALUES ('400002', '000017', '300006', '20191111', '200', DEFAULT, DEFAULT, '库存充足');
INSERT INTO `tb_stock` VALUES ('400002', '000018', '300006', '20191111', '800', DEFAULT, DEFAULT, '库存充足');
INSERT INTO `tb_stock` VALUES ('400002', '000019', '300007', '20191111', '600', DEFAULT, DEFAULT, '库存充足');
INSERT INTO `tb_stock` VALUES ('400002', '000020', '300007', '20191111', '400', DEFAULT, DEFAULT, '库存充足');
INSERT INTO `tb_stock` VALUES ('400002', '000021', '300007', '20191111', '800', DEFAULT, DEFAULT, '库存充足');
INSERT INTO `tb_stock` VALUES ('400002', '000022', '300008', '20191111', '600', DEFAULT, DEFAULT, '库存充足');
INSERT INTO `tb_stock` VALUES ('400002', '000023', '300008', '20191111', '400', DEFAULT, DEFAULT, '库存充足');
INSERT INTO `tb_stock` VALUES ('400002', '000024', '300008', '20191111', '200', DEFAULT, DEFAULT, '库存充足');

-- 2019.12.12
INSERT INTO `tb_stock` VALUES ('400001', '000001', '300001', '20191212', '200', DEFAULT, DEFAULT, '库存充足');
INSERT INTO `tb_stock` VALUES ('400001', '000002', '300001', '20191212', '400', DEFAULT, DEFAULT, '库存充足');
INSERT INTO `tb_stock` VALUES ('400001', '000003', '300001', '20191212', '100', DEFAULT, DEFAULT, '库存充足');
INSERT INTO `tb_stock` VALUES ('400001', '000004', '300002', '20191212', '100', DEFAULT, DEFAULT, '库存充足');
INSERT INTO `tb_stock` VALUES ('400001', '000005', '300002', '20191212', '200', DEFAULT, DEFAULT, '库存充足');
INSERT INTO `tb_stock` VALUES ('400001', '000006', '300002', '20191212', '100', DEFAULT, DEFAULT, '库存充足');
INSERT INTO `tb_stock` VALUES ('400001', '000007', '300003', '20191212', '400', DEFAULT, DEFAULT, '库存充足');
INSERT INTO `tb_stock` VALUES ('400001', '000008', '300003', '20191212', '100', DEFAULT, DEFAULT, '库存充足');
INSERT INTO `tb_stock` VALUES ('400001', '000009', '300003', '20191212', '200', DEFAULT, DEFAULT, '库存充足');
INSERT INTO `tb_stock` VALUES ('400001', '000010', '300004', '20191212', '100', DEFAULT, DEFAULT, '库存充足');
INSERT INTO `tb_stock` VALUES ('400001', '000011', '300004', '20191212', '100', DEFAULT, DEFAULT, '库存充足');
INSERT INTO `tb_stock` VALUES ('400001', '000012', '300004', '20191212', '100', DEFAULT, DEFAULT, '库存充足');
INSERT INTO `tb_stock` VALUES ('400002', '000013', '300005', '20191212', '100', DEFAULT, DEFAULT, '库存充足');
INSERT INTO `tb_stock` VALUES ('400002', '000014', '300005', '20191212', '400', DEFAULT, DEFAULT, '库存充足');
INSERT INTO `tb_stock` VALUES ('400002', '000015', '300005', '20191212', '200', DEFAULT, DEFAULT, '库存充足');
INSERT INTO `tb_stock` VALUES ('400002', '000016', '300006', '20191212', '400', DEFAULT, DEFAULT, '库存充足');
INSERT INTO `tb_stock` VALUES ('400002', '000017', '300006', '20191212', '200', DEFAULT, DEFAULT, '库存充足');
INSERT INTO `tb_stock` VALUES ('400002', '000018', '300006', '20191212', '800', DEFAULT, DEFAULT, '库存充足');
INSERT INTO `tb_stock` VALUES ('400002', '000019', '300007', '20191212', '600', DEFAULT, DEFAULT, '库存充足');
INSERT INTO `tb_stock` VALUES ('400002', '000020', '300007', '20191212', '400', DEFAULT, DEFAULT, '库存充足');
INSERT INTO `tb_stock` VALUES ('400002', '000021', '300007', '20191212', '800', DEFAULT, DEFAULT, '库存充足');
INSERT INTO `tb_stock` VALUES ('400002', '000022', '300008', '20191212', '600', DEFAULT, DEFAULT, '库存充足');
INSERT INTO `tb_stock` VALUES ('400002', '000023', '300008', '20191212', '400', DEFAULT, DEFAULT, '库存充足');
INSERT INTO `tb_stock` VALUES ('400002', '000024', '300008', '20191212', '200', DEFAULT, DEFAULT, '库存充足');

-- 2020.01.01
INSERT INTO `tb_stock` VALUES ('400001', '000001', '300001', '20200101', '200', DEFAULT, DEFAULT, '库存充足');
INSERT INTO `tb_stock` VALUES ('400001', '000002', '300001', '20200101', '400', DEFAULT, DEFAULT, '库存充足');
INSERT INTO `tb_stock` VALUES ('400001', '000003', '300001', '20200101', '100', DEFAULT, DEFAULT, '库存充足');
INSERT INTO `tb_stock` VALUES ('400001', '000004', '300002', '20200101', '100', DEFAULT, DEFAULT, '库存充足');
INSERT INTO `tb_stock` VALUES ('400001', '000005', '300002', '20200101', '200', DEFAULT, DEFAULT, '库存充足');
INSERT INTO `tb_stock` VALUES ('400001', '000006', '300002', '20200101', '100', DEFAULT, DEFAULT, '库存充足');
INSERT INTO `tb_stock` VALUES ('400001', '000007', '300003', '20200101', '400', DEFAULT, DEFAULT, '库存充足');
INSERT INTO `tb_stock` VALUES ('400001', '000008', '300003', '20200101', '100', DEFAULT, DEFAULT, '库存充足');
INSERT INTO `tb_stock` VALUES ('400001', '000009', '300003', '20200101', '200', DEFAULT, DEFAULT, '库存充足');
INSERT INTO `tb_stock` VALUES ('400001', '000010', '300004', '20200101', '100', DEFAULT, DEFAULT, '库存充足');
INSERT INTO `tb_stock` VALUES ('400001', '000011', '300004', '20200101', '100', DEFAULT, DEFAULT, '库存充足');
INSERT INTO `tb_stock` VALUES ('400001', '000012', '300004', '20200101', '100', DEFAULT, DEFAULT, '库存充足');
INSERT INTO `tb_stock` VALUES ('400002', '000013', '300005', '20200101', '100', DEFAULT, DEFAULT, '库存充足');
INSERT INTO `tb_stock` VALUES ('400002', '000014', '300005', '20200101', '400', DEFAULT, DEFAULT, '库存充足');
INSERT INTO `tb_stock` VALUES ('400002', '000015', '300005', '20200101', '200', DEFAULT, DEFAULT, '库存充足');
INSERT INTO `tb_stock` VALUES ('400002', '000016', '300006', '20200101', '400', DEFAULT, DEFAULT, '库存充足');
INSERT INTO `tb_stock` VALUES ('400002', '000017', '300006', '20200101', '200', DEFAULT, DEFAULT, '库存充足');
INSERT INTO `tb_stock` VALUES ('400002', '000018', '300006', '20200101', '800', DEFAULT, DEFAULT, '库存充足');
INSERT INTO `tb_stock` VALUES ('400002', '000019', '300007', '20200101', '600', DEFAULT, DEFAULT, '库存充足');
INSERT INTO `tb_stock` VALUES ('400002', '000020', '300007', '20200101', '400', DEFAULT, DEFAULT, '库存充足');
INSERT INTO `tb_stock` VALUES ('400002', '000021', '300007', '20200101', '800', DEFAULT, DEFAULT, '库存充足');
INSERT INTO `tb_stock` VALUES ('400002', '000022', '300008', '20200101', '600', DEFAULT, DEFAULT, '库存充足');
INSERT INTO `tb_stock` VALUES ('400002', '000023', '300008', '20200101', '400', DEFAULT, DEFAULT, '库存充足');
INSERT INTO `tb_stock` VALUES ('400002', '000024', '300008', '20200101', '200', DEFAULT, DEFAULT, '库存充足');

-- 同一商品不同供应商
INSERT INTO `tb_stock` VALUES ('400001', '000001', '300003', '20191111', '100', DEFAULT, DEFAULT, '库存充足');
INSERT INTO `tb_stock` VALUES ('400001', '000002', '300003', '20191111', '200', DEFAULT, DEFAULT, '库存充足');
INSERT INTO `tb_stock` VALUES ('400001', '000003', '300003', '20191111', '300', DEFAULT, DEFAULT, '库存充足');
INSERT INTO `tb_stock` VALUES ('400001', '000013', '300006', '20191111', '400', DEFAULT, DEFAULT, '库存充足');
INSERT INTO `tb_stock` VALUES ('400001', '000014', '300006', '20191111', '500', DEFAULT, DEFAULT, '库存充足');
INSERT INTO `tb_stock` VALUES ('400001', '000015', '300006', '20191111', '600', DEFAULT, DEFAULT, '库存充足');

INSERT INTO `tb_stock` VALUES ('400001', '000001', '300003', '20191212', '100', DEFAULT, DEFAULT, '库存充足');
INSERT INTO `tb_stock` VALUES ('400001', '000002', '300003', '20191212', '200', DEFAULT, DEFAULT, '库存充足');
INSERT INTO `tb_stock` VALUES ('400001', '000003', '300003', '20191212', '300', DEFAULT, DEFAULT, '库存充足');
INSERT INTO `tb_stock` VALUES ('400001', '000013', '300006', '20191212', '400', DEFAULT, DEFAULT, '库存充足');
INSERT INTO `tb_stock` VALUES ('400001', '000014', '300006', '20191212', '500', DEFAULT, DEFAULT, '库存充足');
INSERT INTO `tb_stock` VALUES ('400001', '000015', '300006', '20191212', '600', DEFAULT, DEFAULT, '库存充足');

INSERT INTO `tb_stock` VALUES ('400001', '000001', '300003', '20200101', '100', DEFAULT, DEFAULT, '库存充足');
INSERT INTO `tb_stock` VALUES ('400001', '000002', '300003', '20200101', '200', DEFAULT, DEFAULT, '库存充足');
INSERT INTO `tb_stock` VALUES ('400001', '000003', '300003', '20200101', '300', DEFAULT, DEFAULT, '库存充足');
INSERT INTO `tb_stock` VALUES ('400001', '000013', '300006', '20200101', '400', DEFAULT, DEFAULT, '库存充足');
INSERT INTO `tb_stock` VALUES ('400001', '000014', '300006', '20200101', '500', DEFAULT, DEFAULT, '库存充足');
INSERT INTO `tb_stock` VALUES ('400001', '000015', '300006', '20200101', '600', DEFAULT, DEFAULT, '库存充足');

-- ----------------------------
-- ********盘点测试数据********
-- Records of tb_checks
-- Records of tb_check
-- ----------------------------
-- 2019.11.11
INSERT INTO `tb_checks` VALUES ('202001150001', '400001', '000001', '300001', '20191111', '200', '数量准确');
INSERT INTO `tb_checks` VALUES ('202001150001', '400001', '000002', '300001', '20191111', '400', '数量准确');
INSERT INTO `tb_checks` VALUES ('202001150001', '400001', '000003', '300001', '20191111', '100', '数量准确');
INSERT INTO `tb_checks` VALUES ('202001150001', '400001', '000004', '300002', '20191111', '100', '数量准确');
INSERT INTO `tb_checks` VALUES ('202001150001', '400001', '000005', '300002', '20191111', '200', '数量准确');
INSERT INTO `tb_checks` VALUES ('202001150001', '400001', '000006', '300002', '20191111', '100', '数量准确');
INSERT INTO `tb_checks` VALUES ('202001150001', '400001', '000007', '300003', '20191111', '400', '数量准确');
INSERT INTO `tb_checks` VALUES ('202001150001', '400001', '000008', '300003', '20191111', '100', '数量准确');
INSERT INTO `tb_checks` VALUES ('202001150001', '400001', '000009', '300003', '20191111', '200', '数量准确');
INSERT INTO `tb_checks` VALUES ('202001150001', '400001', '000010', '300004', '20191111', '100', '数量准确');
INSERT INTO `tb_checks` VALUES ('202001150001', '400001', '000011', '300004', '20191111', '100', '数量准确');
INSERT INTO `tb_checks` VALUES ('202001150001', '400001', '000012', '300004', '20191111', '100', '数量准确');
INSERT INTO `tb_checks` VALUES ('202001150001', '400002', '000013', '300005', '20191111', '100', '数量准确');
INSERT INTO `tb_checks` VALUES ('202001150001', '400002', '000014', '300005', '20191111', '400', '数量准确');
INSERT INTO `tb_checks` VALUES ('202001150001', '400002', '000015', '300005', '20191111', '200', '数量准确');
INSERT INTO `tb_checks` VALUES ('202001150001', '400002', '000016', '300006', '20191111', '400', '数量准确');
INSERT INTO `tb_checks` VALUES ('202001150001', '400002', '000017', '300006', '20191111', '200', '数量准确');
INSERT INTO `tb_checks` VALUES ('202001150001', '400002', '000018', '300006', '20191111', '800', '数量准确');
INSERT INTO `tb_checks` VALUES ('202001150001', '400002', '000019', '300007', '20191111', '600', '数量准确');
INSERT INTO `tb_checks` VALUES ('202001150001', '400002', '000020', '300007', '20191111', '400', '数量准确');
INSERT INTO `tb_checks` VALUES ('202001150001', '400002', '000021', '300007', '20191111', '800', '数量准确');
INSERT INTO `tb_checks` VALUES ('202001150001', '400002', '000022', '300008', '20191111', '600', '数量准确');
INSERT INTO `tb_checks` VALUES ('202001150001', '400002', '000023', '300008', '20191111', '400', '数量准确');
INSERT INTO `tb_checks` VALUES ('202001150001', '400002', '000024', '300008', '20191111', '200', '数量准确');

-- 2019.12.12
INSERT INTO `tb_checks` VALUES ('202001150001', '400001', '000001', '300001', '20191212', '200', '数量准确');
INSERT INTO `tb_checks` VALUES ('202001150001', '400001', '000002', '300001', '20191212', '400', '数量准确');
INSERT INTO `tb_checks` VALUES ('202001150001', '400001', '000003', '300001', '20191212', '100', '数量准确');
INSERT INTO `tb_checks` VALUES ('202001150001', '400001', '000004', '300002', '20191212', '100', '数量准确');
INSERT INTO `tb_checks` VALUES ('202001150001', '400001', '000005', '300002', '20191212', '200', '数量准确');
INSERT INTO `tb_checks` VALUES ('202001150001', '400001', '000006', '300002', '20191212', '100', '数量准确');
INSERT INTO `tb_checks` VALUES ('202001150001', '400001', '000007', '300003', '20191212', '400', '数量准确');
INSERT INTO `tb_checks` VALUES ('202001150001', '400001', '000008', '300003', '20191212', '100', '数量准确');
INSERT INTO `tb_checks` VALUES ('202001150001', '400001', '000009', '300003', '20191212', '200', '数量准确');
INSERT INTO `tb_checks` VALUES ('202001150001', '400001', '000010', '300004', '20191212', '100', '数量准确');
INSERT INTO `tb_checks` VALUES ('202001150001', '400001', '000011', '300004', '20191212', '100', '数量准确');
INSERT INTO `tb_checks` VALUES ('202001150001', '400001', '000012', '300004', '20191212', '100', '数量准确');
INSERT INTO `tb_checks` VALUES ('202001150001', '400002', '000013', '300005', '20191212', '100', '数量准确');
INSERT INTO `tb_checks` VALUES ('202001150001', '400002', '000014', '300005', '20191212', '400', '数量准确');
INSERT INTO `tb_checks` VALUES ('202001150001', '400002', '000015', '300005', '20191212', '200', '数量准确');
INSERT INTO `tb_checks` VALUES ('202001150001', '400002', '000016', '300006', '20191212', '400', '数量准确');
INSERT INTO `tb_checks` VALUES ('202001150001', '400002', '000017', '300006', '20191212', '200', '数量准确');
INSERT INTO `tb_checks` VALUES ('202001150001', '400002', '000018', '300006', '20191212', '800', '数量准确');
INSERT INTO `tb_checks` VALUES ('202001150001', '400002', '000019', '300007', '20191212', '600', '数量准确');
INSERT INTO `tb_checks` VALUES ('202001150001', '400002', '000020', '300007', '20191212', '400', '数量准确');
INSERT INTO `tb_checks` VALUES ('202001150001', '400002', '000021', '300007', '20191212', '800', '数量准确');
INSERT INTO `tb_checks` VALUES ('202001150001', '400002', '000022', '300008', '20191212', '600', '数量准确');
INSERT INTO `tb_checks` VALUES ('202001150001', '400002', '000023', '300008', '20191212', '400', '数量准确');
INSERT INTO `tb_checks` VALUES ('202001150001', '400002', '000024', '300008', '20191212', '200', '数量准确');

-- 2020.01.01
INSERT INTO `tb_checks` VALUES ('202001150001', '400001', '000001', '300001', '20200101', '200', '数量准确');
INSERT INTO `tb_checks` VALUES ('202001150001', '400001', '000002', '300001', '20200101', '400', '数量准确');
INSERT INTO `tb_checks` VALUES ('202001150001', '400001', '000003', '300001', '20200101', '100', '数量准确');
INSERT INTO `tb_checks` VALUES ('202001150001', '400001', '000004', '300002', '20200101', '100', '数量准确');
INSERT INTO `tb_checks` VALUES ('202001150001', '400001', '000005', '300002', '20200101', '200', '数量准确');
INSERT INTO `tb_checks` VALUES ('202001150001', '400001', '000006', '300002', '20200101', '100', '数量准确');
INSERT INTO `tb_checks` VALUES ('202001150001', '400001', '000007', '300003', '20200101', '400', '数量准确');
INSERT INTO `tb_checks` VALUES ('202001150001', '400001', '000008', '300003', '20200101', '100', '数量准确');
INSERT INTO `tb_checks` VALUES ('202001150001', '400001', '000009', '300003', '20200101', '200', '数量准确');
INSERT INTO `tb_checks` VALUES ('202001150001', '400001', '000010', '300004', '20200101', '100', '数量准确');
INSERT INTO `tb_checks` VALUES ('202001150001', '400001', '000011', '300004', '20200101', '100', '数量准确');
INSERT INTO `tb_checks` VALUES ('202001150001', '400001', '000012', '300004', '20200101', '100', '数量准确');
INSERT INTO `tb_checks` VALUES ('202001150001', '400002', '000013', '300005', '20200101', '100', '数量准确');
INSERT INTO `tb_checks` VALUES ('202001150001', '400002', '000014', '300005', '20200101', '400', '数量准确');
INSERT INTO `tb_checks` VALUES ('202001150001', '400002', '000015', '300005', '20200101', '200', '数量准确');
INSERT INTO `tb_checks` VALUES ('202001150001', '400002', '000016', '300006', '20200101', '400', '数量准确');
INSERT INTO `tb_checks` VALUES ('202001150001', '400002', '000017', '300006', '20200101', '200', '数量准确');
INSERT INTO `tb_checks` VALUES ('202001150001', '400002', '000018', '300006', '20200101', '800', '数量准确');
INSERT INTO `tb_checks` VALUES ('202001150001', '400002', '000019', '300007', '20200101', '600', '数量准确');
INSERT INTO `tb_checks` VALUES ('202001150001', '400002', '000020', '300007', '20200101', '400', '数量准确');
INSERT INTO `tb_checks` VALUES ('202001150001', '400002', '000021', '300007', '20200101', '800', '数量准确');
INSERT INTO `tb_checks` VALUES ('202001150001', '400002', '000022', '300008', '20200101', '600', '数量准确');
INSERT INTO `tb_checks` VALUES ('202001150001', '400002', '000023', '300008', '20200101', '400', '数量准确');
INSERT INTO `tb_checks` VALUES ('202001150001', '400002', '000024', '300008', '20200101', '200', '数量准确');

-- 盘点记录
INSERT INTO `tb_check` VALUES ('202001150001', '2020-01-15', '库存数量准确');

-- ----------------------------
-- ********销售测试数据********
-- Records of tb_sales
-- Records of tb_sale
-- ----------------------------
-- 11月份 2019.11.13 - 201911.01.23 不打折 当月批号
-- 销售明细 2019-11-13  
INSERT INTO `tb_sales` VALUES ('201911130001', '000001', '300001', '20191111', '3.00', '2', '非VIP，不打折');
INSERT INTO `tb_sales` VALUES ('201911130001', '000004', '300002', '20191111', '5.00', '1', '非VIP，不打折');
INSERT INTO `tb_sales` VALUES ('201911130001', '000007', '300003', '20191111', '3.50', '3', '非VIP，不打折');
-- 销售记录
INSERT INTO `tb_sale` VALUES ('201911130001', '21.50', '25.00', '3.50', '2019-11-13', '10:08:00', '现金支付');

-- 销售明细 2019-11-14 
INSERT INTO `tb_sales` VALUES ('201911140001', '000001', '300001', '20191111', '3.00', '2', '非VIP，不打折');
INSERT INTO `tb_sales` VALUES ('201911140001', '000004', '300002', '20191111', '5.00', '1', '非VIP，不打折');
INSERT INTO `tb_sales` VALUES ('201911140002', '000020', '300007', '20191111', '13.50', '1', '非VIP，不打折');
INSERT INTO `tb_sales` VALUES ('201911140002', '000014', '300005', '20191111', '3.50', '2', '非VIP，不打折');
INSERT INTO `tb_sales` VALUES ('201911140002', '000017', '300006', '20191111', '5.00', '1', '非VIP，不打折');
-- 销售记录
INSERT INTO `tb_sale` VALUES ('201911140001', '11.00', '15.00', '4.00', '2019-11-14', '11:08:00', '现金支付');
INSERT INTO `tb_sale` VALUES ('201911140002', '25.50', '50.00', '24.50', '2019-11-14', '12:18:00', '现金支付');

-- 销售明细 2019-11-15 
INSERT INTO `tb_sales` VALUES ('201911150001', '000001', '300001', '20191111', '3.00', '2', '非VIP，不打折');
INSERT INTO `tb_sales` VALUES ('201911150001', '000004', '300002', '20191111', '5.00', '1', '非VIP，不打折');
INSERT INTO `tb_sales` VALUES ('201911150001', '000007', '300003', '20191111', '3.50', '3', '非VIP，不打折');
INSERT INTO `tb_sales` VALUES ('201911150002', '000017', '300006', '20191111', '5.00', '3', '非VIP，不打折');
INSERT INTO `tb_sales` VALUES ('201911150002', '000020', '300007', '20191111', '13.50', '2', '非VIP，不打折');
-- 销售记录
INSERT INTO `tb_sale` VALUES ('201911150001', '21.50', '25.00', '3.50', '2019-11-15', '10:09:10', '现金支付');
INSERT INTO `tb_sale` VALUES ('201911150002', '42.00', '50.00', '8.00', '2019-11-15', '18:18:20', '现金支付');

-- 销售明细 2019-11-16 
INSERT INTO `tb_sales` VALUES ('201911160001', '000001', '300002', '20191111', '3.00', '2', '非VIP，不打折');
INSERT INTO `tb_sales` VALUES ('201911160001', '000004', '300004', '20191111', '5.00', '1', '非VIP，不打折');
INSERT INTO `tb_sales` VALUES ('201911160002', '000007', '300003', '20191111', '3.50', '3', '非VIP，不打折');
INSERT INTO `tb_sales` VALUES ('201911160002', '000010', '300004', '20191111', '55.00', '1', '非VIP，不打折');
INSERT INTO `tb_sales` VALUES ('201911160002', '000020', '300007', '20191111', '13.50', '2', '非VIP，不打折');
INSERT INTO `tb_sales` VALUES ('201911160002', '000017', '300006', '20191111', '5.00', '1', '非VIP，不打折');
-- 销售记录
INSERT INTO `tb_sale` VALUES ('201911160001', '11.00', '15.00', '4.00', '2019-11-16', '10:12:30', '现金支付');
INSERT INTO `tb_sale` VALUES ('201911160002', '97.50', '100.00', '2.50', '2019-11-16', '18:19:40', '现金支付');

-- 销售明细 2019-11-17 
INSERT INTO `tb_sales` VALUES ('201911170001', '000001', '300001', '20191111', '3.00', '2', '非VIP，不打折');
INSERT INTO `tb_sales` VALUES ('201911170001', '000004', '300002', '20191111', '5.00', '1', '非VIP，不打折');
INSERT INTO `tb_sales` VALUES ('201911170001', '000007', '300003', '20191111', '3.50', '3', '非VIP，不打折');
INSERT INTO `tb_sales` VALUES ('201911170001', '000011', '300004', '20191111', '20.00', '1', '非VIP，不打折');
INSERT INTO `tb_sales` VALUES ('201911170002', '000012', '300004', '20191111', '8.00', '2', '非VIP，不打折');
INSERT INTO `tb_sales` VALUES ('201911170002', '000008', '300003', '20191111', '3.50', '1', '非VIP，不打折');
INSERT INTO `tb_sales` VALUES ('201911170002', '000002', '300001', '20191111', '3.00', '5', '非VIP，不打折');
-- 销售记录
INSERT INTO `tb_sale` VALUES ('201911170001', '41.50', '50.00', '8.50', '2019-11-17', '13:08:10', '现金支付');
INSERT INTO `tb_sale` VALUES ('201911170002', '34.50', '50.00', '15.50', '2019-11-17', '12:18:01', '现金支付');

-- 销售明细 2019-11-18 
INSERT INTO `tb_sales` VALUES ('201911180001', '000001', '300001', '20191111', '3.00', '2', '非VIP，不打折');
INSERT INTO `tb_sales` VALUES ('201911180001', '000004', '300002', '20191111', '5.00', '1', '非VIP，不打折');
INSERT INTO `tb_sales` VALUES ('201911180001', '000007', '300003', '20191111', '3.50', '3', '非VIP，不打折');
INSERT INTO `tb_sales` VALUES ('201911180001', '000010', '300004', '20191111', '55.00', '1', '非VIP，不打折');
INSERT INTO `tb_sales` VALUES ('201911180002', '000014', '300005', '20191111', '3.50', '2', '非VIP，不打折');
INSERT INTO `tb_sales` VALUES ('201911180002', '000017', '300006', '20191111', '5.00', '1', '非VIP，不打折');
INSERT INTO `tb_sales` VALUES ('201911180002', '000020', '300007', '20191111', '13.50', '1', '非VIP，不打折');
INSERT INTO `tb_sales` VALUES ('201911180002', '000021', '300007', '20191111', '23.50', '1', '非VIP，不打折');
-- 销售记录
INSERT INTO `tb_sale` VALUES ('201911180001', '73.50', '100.00', '26.50', '2019-11-18', '10:28:40', '现金支付');
INSERT INTO `tb_sale` VALUES ('201911180002', '49.00', '100.00', '51.00', '2019-11-18', '13:28:10', '现金支付');

-- 销售明细 2019-11-19 
INSERT INTO `tb_sales` VALUES ('201911190001', '000001', '300001', '20191111', '3.00', '2', '非VIP，不打折');
INSERT INTO `tb_sales` VALUES ('201911190001', '000004', '300002', '20191111', '5.00', '1', '非VIP，不打折');
INSERT INTO `tb_sales` VALUES ('201911190001', '000007', '300003', '20191111', '3.50', '3', '非VIP，不打折');
INSERT INTO `tb_sales` VALUES ('201911190001', '000013', '300005', '20191111', '3.50', '2', '非VIP，不打折');
INSERT INTO `tb_sales` VALUES ('201911190002', '000011', '300004', '20191111', '20.00', '2', '非VIP，不打折');
INSERT INTO `tb_sales` VALUES ('201911190002', '000017', '300006', '20191111', '5.00', '1', '非VIP，不打折');
INSERT INTO `tb_sales` VALUES ('201911190002', '000021', '300007', '20191111', '23.50', '2', '非VIP，不打折');
-- 销售记录
INSERT INTO `tb_sale` VALUES ('201911190001', '28.50', '50.00', '21.50', '2019-11-19', '13:28:40', '现金支付');
INSERT INTO `tb_sale` VALUES ('201911190002', '92.00', '100.00', '8.00', '2019-11-19', '14:18:10', '现金支付');

-- 销售明细 2019-11-20 
INSERT INTO `tb_sales` VALUES ('201911200001', '000001', '300001', '20191111', '3.00', '2', '非VIP，不打折');
INSERT INTO `tb_sales` VALUES ('201911200001', '000004', '300002', '20191111', '5.00', '1', '非VIP，不打折');
INSERT INTO `tb_sales` VALUES ('201911200001', '000006', '300002', '20191111', '5.00', '5', '非VIP，不打折');
INSERT INTO `tb_sales` VALUES ('201911200002', '000017', '300006', '20191111', '5.00', '1', '非VIP，不打折');
INSERT INTO `tb_sales` VALUES ('201911200002', '000019', '300007', '20191111', '33.50', '3', '非VIP，不打折');
INSERT INTO `tb_sales` VALUES ('201911200002', '000021', '300007', '20191111', '23.50', '2', '非VIP，不打折');
-- 销售记录
INSERT INTO `tb_sale` VALUES ('201911200001', '36.00', '50.00', '14.00', '2019-11-20', '13:28:42', '现金支付');
INSERT INTO `tb_sale` VALUES ('201911200002', '152.50', '200.00', '47.50', '2019-11-20', '11:18:11', '现金支付');

-- 销售明细 2019-11-21 
INSERT INTO `tb_sales` VALUES ('201911210001', '000001', '300001', '20191111', '3.00', '2', '非VIP，不打折');
INSERT INTO `tb_sales` VALUES ('201911210001', '000004', '300002', '20191111', '5.00', '1', '非VIP，不打折');
INSERT INTO `tb_sales` VALUES ('201911210001', '000007', '300003', '20191111', '3.50', '3', '非VIP，不打折');
INSERT INTO `tb_sales` VALUES ('201911210001', '000013', '300005', '20191111', '3.50', '2', '非VIP，不打折');
INSERT INTO `tb_sales` VALUES ('201911210001', '000018', '300006', '20191111', '8.00', '5', '非VIP，不打折');
INSERT INTO `tb_sales` VALUES ('201911210002', '000017', '300006', '20191111', '5.00', '1', '非VIP，不打折');
INSERT INTO `tb_sales` VALUES ('201911210002', '000018', '300006', '20191111', '8.00', '1', '非VIP，不打折');
INSERT INTO `tb_sales` VALUES ('201911210002', '000021', '300007', '20191111', '23.50', '2', '非VIP，不打折');
-- 销售记录
INSERT INTO `tb_sale` VALUES ('201911210001', '68.50', '70.00', '1.50', '2019-11-21', '17:28:41', '现金支付');
INSERT INTO `tb_sale` VALUES ('201911210002', '60.00', '60.00', '00.00', '2019-11-21', '14:18:13', '现金支付');

-- 销售明细 2019-11-22 
INSERT INTO `tb_sales` VALUES ('201911220001', '000001', '300001', '20191111', '3.00', '2', '非VIP，不打折');
INSERT INTO `tb_sales` VALUES ('201911220001', '000004', '300002', '20191111', '5.00', '2', '非VIP，不打折');
INSERT INTO `tb_sales` VALUES ('201911220001', '000007', '300003', '20191111', '3.50', '3', '非VIP，不打折');
INSERT INTO `tb_sales` VALUES ('201911220001', '000009', '300003', '20191111', '3.50', '2', '非VIP，不打折');
INSERT INTO `tb_sales` VALUES ('201911220002', '000011', '300004', '20191111', '20.00', '2', '非VIP，不打折');
INSERT INTO `tb_sales` VALUES ('201911220002', '000017', '300006', '20191111', '5.00', '1', '非VIP，不打折');
INSERT INTO `tb_sales` VALUES ('201911220002', '000018', '300006', '20191111', '8.00', '1', '非VIP，不打折');
INSERT INTO `tb_sales` VALUES ('201911220002', '000016', '300006', '20191111', '15.00', '2', '非VIP，不打折');
-- 销售记录
INSERT INTO `tb_sale` VALUES ('201911220001', '34.00', '50.00', '16.00', '2019-11-22', '11:18:40', '现金支付');
INSERT INTO `tb_sale` VALUES ('201911220002', '83.00', '100.00', '17.00', '2019-11-22', '14:34:10', '现金支付');

-- 销售明细 2019-11-23 
INSERT INTO `tb_sales` VALUES ('201911230001', '000001', '300001', '20191111', '3.00', '2', '非VIP，不打折');
INSERT INTO `tb_sales` VALUES ('201911230001', '000004', '300002', '20191111', '5.00', '1', '非VIP，不打折');
INSERT INTO `tb_sales` VALUES ('201911230001', '000015', '300005', '20191111', '3.50', '3', '非VIP，不打折');
INSERT INTO `tb_sales` VALUES ('201911230002', '000013', '300005', '20191111', '3.50', '2', '非VIP，不打折');
INSERT INTO `tb_sales` VALUES ('201911230002', '000011', '300004', '20191111', '20.00', '2', '非VIP，不打折');
INSERT INTO `tb_sales` VALUES ('201911230002', '000017', '300006', '20191111', '5.00', '1', '非VIP，不打折');
INSERT INTO `tb_sales` VALUES ('201911230002', '000018', '300006', '20191111', '8.00', '2', '非VIP，不打折');
INSERT INTO `tb_sales` VALUES ('201911230002', '000021', '300007', '20191111', '23.50', '2', '非VIP，不打折');
-- 销售记录
INSERT INTO `tb_sale` VALUES ('201911230001', '21.50', '50.00', '28.50', '2019-11-23', '16:28:40', '现金支付');
INSERT INTO `tb_sale` VALUES ('201911230002', '115.00', '120.00', '5.00', '2019-11-23', '10:18:10', '现金支付');

-- 12月份 2019.12.14 - 2019.12.24 前5天 打折销售 上月批号
-- 销售明细 2019-12-14
INSERT INTO `tb_sales` VALUES ('201912140001', '000001', '300001', '20191111', '1.00', '3', '非VIP，打折');
INSERT INTO `tb_sales` VALUES ('201912140001', '000004', '300002', '20191111', '3.00', '3', '非VIP，打折');
INSERT INTO `tb_sales` VALUES ('201912140001', '000007', '300003', '20191111', '1.50', '4', '非VIP，打折');
INSERT INTO `tb_sales` VALUES ('201912140002', '000010', '300004', '20191111', '53.00', '1', '非VIP，打折');
INSERT INTO `tb_sales` VALUES ('201912140002', '000013', '300005', '20191111', '1.50', '2', '非VIP，打折');
INSERT INTO `tb_sales` VALUES ('201912140002', '000016', '300006', '20191111', '13.00', '2', '非VIP，打折');
INSERT INTO `tb_sales` VALUES ('201912140002', '000019', '300007', '20191111', '31.50', '2', '非VIP，打折');
-- 销售记录
INSERT INTO `tb_sale` VALUES ('201912140001', '18.00',  '20.00',  '2.00',  '2019-12-14', '06:54:54', '现金支付');
INSERT INTO `tb_sale` VALUES ('201912140002', '145.00', '150.00', '5.00',  '2019-12-14', '07:54:54', '现金支付');

-- 销售明细 2019-12-15
INSERT INTO `tb_sales` VALUES ('201912150001', '000001', '300001', '20191111', '1.00', '4', '非VIP，打折');
INSERT INTO `tb_sales` VALUES ('201912150001', '000004', '300002', '20191111', '3.00', '5', '非VIP，打折');
INSERT INTO `tb_sales` VALUES ('201912150001', '000007', '300003', '20191111', '1.50', '2', '非VIP，打折');
INSERT INTO `tb_sales` VALUES ('201912150002', '000013', '300005', '20191111', '1.50', '2', '非VIP，打折');
INSERT INTO `tb_sales` VALUES ('201912150002', '000016', '300006', '20191111', '13.00', '2', '非VIP，打折');
INSERT INTO `tb_sales` VALUES ('201912150002', '000022', '300008', '20191111', '98.00', '2', '非VIP，打折');
-- 销售记录
INSERT INTO `tb_sale` VALUES ('201912150001', '22.00',  '25.00',  '3.00',    '2019-12-15', '08:54:54', '现金支付');
INSERT INTO `tb_sale` VALUES ('201912150002', '225.00', '225.00', '0.00',    '2019-12-15', '09:54:54', '现金支付');

-- 销售明细 2019-12-16
INSERT INTO `tb_sales` VALUES ('201912160001', '000001', '300001', '20191111', '1.00', '4', '非VIP，打折');
INSERT INTO `tb_sales` VALUES ('201912160001', '000004', '300002', '20191111', '3.00', '5', '非VIP，打折');
INSERT INTO `tb_sales` VALUES ('201912160001', '000007', '300003', '20191111', '1.50', '2', '非VIP，打折');
INSERT INTO `tb_sales` VALUES ('201912160002', '000010', '300004', '20191111', '53.00', '1', '非VIP，打折');
INSERT INTO `tb_sales` VALUES ('201912160002', '000013', '300005', '20191111', '1.50', '2', '非VIP，打折');
INSERT INTO `tb_sales` VALUES ('201912160002', '000016', '300006', '20191111', '13.00', '2', '非VIP，打折');
INSERT INTO `tb_sales` VALUES ('201912160002', '000019', '300007', '20191111', '31.50', '2', '非VIP，打折');
-- 销售记录
INSERT INTO `tb_sale` VALUES ('201912160001', '22.00',  '25.00',  '3.00', '2019-12-16', '13:54:54', '现金支付');
INSERT INTO `tb_sale` VALUES ('201912160002', '148.00', '150.00', '2.00', '2019-12-16', '15:54:54', '现金支付');

-- 销售明细 2019-12-17
INSERT INTO `tb_sales` VALUES ('201912170001', '000001', '300001', '20191111', '1.00', '7', '非VIP，打折');
INSERT INTO `tb_sales` VALUES ('201912170001', '000004', '300002', '20191111', '3.00', '1', '非VIP，打折');
INSERT INTO `tb_sales` VALUES ('201912170001', '000007', '300003', '20191111', '1.50', '2', '非VIP，打折');
INSERT INTO `tb_sales` VALUES ('201912170002', '000010', '300004', '20191111', '53.00', '1', '非VIP，打折');
INSERT INTO `tb_sales` VALUES ('201912170002', '000013', '300005', '20191111', '1.50', '2', '非VIP，打折');
INSERT INTO `tb_sales` VALUES ('201912170002', '000016', '300006', '20191111', '13.00', '2', '非VIP，打折');
-- 销售记录
INSERT INTO `tb_sale` VALUES ('201912170001', '13.00', '15.00',  '2.00',    '2019-12-17', '16:54:54', '现金支付');
INSERT INTO `tb_sale` VALUES ('201912170002', '82.00', '100.00', '18.00',   '2019-12-17', '17:54:54', '现金支付');

-- 销售明细 2019-12-18
INSERT INTO `tb_sales` VALUES ('201912180001', '000001', '300001', '20191111', '1.00', '4', '非VIP，打折');
INSERT INTO `tb_sales` VALUES ('201912180001', '000004', '300002', '20191111', '3.00', '1', '非VIP，打折');
INSERT INTO `tb_sales` VALUES ('201912180001', '000007', '300003', '20191111', '1.50', '4', '非VIP，打折');
INSERT INTO `tb_sales` VALUES ('201912180002', '000010', '300004', '20191111', '53.00', '1', '非VIP，打折');
INSERT INTO `tb_sales` VALUES ('201912180002', '000013', '300005', '20191111', '1.50', '2', '非VIP，打折');
INSERT INTO `tb_sales` VALUES ('201912180002', '000016', '300006', '20191111', '13.00', '2', '非VIP，打折');
INSERT INTO `tb_sales` VALUES ('201912180002', '000022', '300008', '20191111', '98.00', '1', '非VIP，打折');
-- 销售记录
INSERT INTO `tb_sale` VALUES ('201912180001', '13.00',  '20.00',  '7.00',  '2019-12-18', '19:54:54', '现金支付');
INSERT INTO `tb_sale` VALUES ('201912180002', '180.00', '200.00', '20.00', '2019-12-18', '20:54:54', '现金支付');

-- 12月份 2019.12.14 - 2019.12.24 后6天 不打折 当月批号
-- 销售明细 2019-12-19
INSERT INTO `tb_sales` VALUES ('201912190001', '000001', '300001', '20191212', '3.00', '2', '非VIP，不打折');
INSERT INTO `tb_sales` VALUES ('201912190001', '000002', '300001', '20191212', '3.00', '1', '非VIP，不打折');
INSERT INTO `tb_sales` VALUES ('201912190001', '000003', '300001', '20191212', '2.00', '2', '非VIP，不打折');
INSERT INTO `tb_sales` VALUES ('201912190002', '000011', '300004', '20191212', '20.00', '2', '非VIP，不打折');
INSERT INTO `tb_sales` VALUES ('201912190002', '000012', '300004', '20191212', '8.00', '1', '非VIP，不打折');
INSERT INTO `tb_sales` VALUES ('201912190002', '000013', '300005', '20191212', '3.50', '2', '非VIP，不打折');
-- 销售记录
INSERT INTO `tb_sale` VALUES ('201912190001', '13.00', '15.00', '2.00', '2019-12-19', '07:54:54', '现金支付');
INSERT INTO `tb_sale` VALUES ('201912190002', '55.00', '55.00', '0.00', '2019-12-19', '21:54:54', '现金支付');

-- 销售明细 2019-12-20
INSERT INTO `tb_sales` VALUES ('201912200001', '000004', '300002', '20191212', '5.00', '2', '非VIP，不打折');
INSERT INTO `tb_sales` VALUES ('201912200001', '000005', '300002', '20191212', '55.00', '1', '非VIP，不打折');
INSERT INTO `tb_sales` VALUES ('201912200001', '000006', '300002', '20191212', '5.00', '3', '非VIP，不打折');
INSERT INTO `tb_sales` VALUES ('201912200002', '000014', '300005', '20191212', '3.50', '2', '非VIP，不打折');
INSERT INTO `tb_sales` VALUES ('201912200002', '000015', '300005', '20191212', '3.50', '4', '非VIP，不打折');
-- 销售记
INSERT INTO `tb_sale` VALUES ('201912200001', '80.00', '80.00', '0.00', '2019-12-20', '08:54:54', '现金支付');
INSERT INTO `tb_sale` VALUES ('201912200002', '21.00', '25.00', '4.00', '2019-12-20', '09:54:54', '现金支付');

-- 销售明细 2019-12-21
INSERT INTO `tb_sales` VALUES ('201912210001', '000007', '300003', '20191212', '3.50', '2', '非VIP，不打折');
INSERT INTO `tb_sales` VALUES ('201912210001', '000008', '300003', '20191212', '3.50', '1', '非VIP，不打折');
INSERT INTO `tb_sales` VALUES ('201912210001', '000009', '300003', '20191212', '3.50', '3', '非VIP，不打折');
INSERT INTO `tb_sales` VALUES ('201912210002', '000010', '300004', '20191212', '55.00', '2', '非VIP，不打折');
INSERT INTO `tb_sales` VALUES ('201912210002', '000011', '300004', '20191212', '20.00', '1', '非VIP，不打折');
INSERT INTO `tb_sales` VALUES ('201912210002', '000012', '300004', '20191212', '8.50', '2', '非VIP，不打折');
INSERT INTO `tb_sales` VALUES ('201912210002', '000013', '300005', '20191212', '3.50', '2', '非VIP，不打折');
-- 销售记
INSERT INTO `tb_sale` VALUES ('201912210001', '21.00',  '25.00',  '4.00', '2019-12-21', '13:54:54', '现金支付');
INSERT INTO `tb_sale` VALUES ('201912210002', '154.00', '160.00', '6.00', '2019-12-21', '15:54:54', '现金支付');

-- 销售明细 2019-12-22
INSERT INTO `tb_sales` VALUES ('201912220001', '000001', '300001', '20191212', '3.00', '2', '非VIP，不打折');
INSERT INTO `tb_sales` VALUES ('201912220001', '000004', '300002', '20191212', '5.00', '1', '非VIP，不打折');
INSERT INTO `tb_sales` VALUES ('201912220001', '000007', '300003', '20191212', '3.50', '4', '非VIP，不打折');
INSERT INTO `tb_sales` VALUES ('201912220002', '000010', '300004', '20191212', '55.00', '2', '非VIP，不打折');
-- 销售记录
INSERT INTO `tb_sale` VALUES ('201912220001', '25.00',  '25.00',  '0.00', '2019-12-22', '16:54:54', '现金支付');
INSERT INTO `tb_sale` VALUES ('201912220002', '110.00', '110.00', '0.00', '2019-12-22', '17:54:54', '现金支付');

-- 销售明细 2019-12-23
INSERT INTO `tb_sales` VALUES ('201912230001', '000001', '300001', '20191212', '3.00', '2', '非VIP，不打折');
INSERT INTO `tb_sales` VALUES ('201912230001', '000004', '300002', '20191212', '5.00', '1', '非VIP，不打折');
INSERT INTO `tb_sales` VALUES ('201912230001', '000005', '300002', '20191212', '55.00', '3', '非VIP，不打折');
INSERT INTO `tb_sales` VALUES ('201912230002', '000012', '300004', '20191212', '8.00', '2', '非VIP，不打折');
INSERT INTO `tb_sales` VALUES ('201912230002', '000013', '300005', '20191212', '3.50', '1', '非VIP，不打折');
INSERT INTO `tb_sales` VALUES ('201912230002', '000014', '300005', '20191212', '3.50', '3', '非VIP，不打折');
INSERT INTO `tb_sales` VALUES ('201912230002', '000015', '300005', '20191212', '3.50', '1', '非VIP，不打折');
INSERT INTO `tb_sales` VALUES ('201912230002', '000021', '300007', '20191212', '23.50', '1', '非VIP，不打折');
-- 销售记录
INSERT INTO `tb_sale` VALUES ('201912230001', '176.00', '200.00', '24.00',   '2019-12-23', '19:54:54', '现金支付');
INSERT INTO `tb_sale` VALUES ('201912230002', '57.00',  '60.00',  '3.00',    '2019-12-23', '20:54:54', '现金支付');

-- 销售明细 2019-12-24
INSERT INTO `tb_sales` VALUES ('201912240001', '000002', '300001', '20191212', '3.00', '2', '非VIP，不打折');
INSERT INTO `tb_sales` VALUES ('201912240001', '000004', '300002', '20191212', '5.00', '1', '非VIP，不打折');
INSERT INTO `tb_sales` VALUES ('201912240001', '000008', '300003', '20191212', '3.50', '2', '非VIP，不打折');
INSERT INTO `tb_sales` VALUES ('201912240002', '000010', '300004', '20191212', '55.00', '2', '非VIP，不打折');
INSERT INTO `tb_sales` VALUES ('201912240002', '000013', '300005', '20191212', '3.50', '1', '非VIP，不打折');
INSERT INTO `tb_sales` VALUES ('201912240002', '000015', '300005', '20191212', '3.50', '3', '非VIP，不打折');
INSERT INTO `tb_sales` VALUES ('201912240002', '000019', '300007', '20191212', '33.50', '2', '非VIP，不打折');
-- 销售记录
INSERT INTO `tb_sale` VALUES ('201912240001', '18.00',  '20.00',  '2.00',    '2019-12-24', '19:54:54', '现金支付');
INSERT INTO `tb_sale` VALUES ('201912240002', '191.00', '200.00', '9.00',    '2019-12-24', '20:54:54', '现金支付');

-- 1月份 2020.01.03 - 2020.01.13 前5天 打折销售 上月批号
-- 销售明细 2020-01-03 
INSERT INTO `tb_sales` VALUES ('202001030001', '000001', '300001', '20191212', '1.00',  '3', '促销价');
INSERT INTO `tb_sales` VALUES ('202001030001', '000004', '300002', '20191212', '3.00',  '2', '促销价');
INSERT INTO `tb_sales` VALUES ('202001030001', '000007', '300003', '20191212', '1.50',  '1', '促销价');
INSERT INTO `tb_sales` VALUES ('202001030001', '000010', '300004', '20191212', '53.00', '4', '促销价');
INSERT INTO `tb_sales` VALUES ('202001030002', '000013', '300005', '20191212', '1.50',  '1', '促销价');
INSERT INTO `tb_sales` VALUES ('202001030002', '000016', '300006', '20191212', '13.00', '3', '促销价');
INSERT INTO `tb_sales` VALUES ('202001030002', '000019', '300007', '20191212', '31.50', '4', '促销价');
INSERT INTO `tb_sales` VALUES ('202001030002', '000022', '300008', '20191212', '98.00', '2', '促销价');
-- 销售记录 2020-01-03
INSERT INTO `tb_sale` VALUES ('202001030001', '63.50',  '65.00',  '1.50',  '2020-01-03', '10:08:00', '现金支付');
INSERT INTO `tb_sale` VALUES ('202001030002', '362.50', '400.00', '37.50', '2020-01-03', '11:08:00', '现金支付');

-- 销售明细 2020-01-04 
INSERT INTO `tb_sales` VALUES ('202001040001', '000001', '300001', '20191212', '1.00',  '2', '促销价');
INSERT INTO `tb_sales` VALUES ('202001040001', '000004', '300002', '20191212', '3.00',  '1', '促销价');
INSERT INTO `tb_sales` VALUES ('202001040001', '000007', '300003', '20191212', '1.50',  '3', '促销价');
INSERT INTO `tb_sales` VALUES ('202001040001', '000010', '300004', '20191212', '53.00', '2', '促销价');
INSERT INTO `tb_sales` VALUES ('202001040002', '000013', '300005', '20191212', '1.50',  '5', '促销价');
INSERT INTO `tb_sales` VALUES ('202001040002', '000016', '300006', '20191212', '13.00', '2', '促销价');
INSERT INTO `tb_sales` VALUES ('202001040002', '000019', '300007', '20191212', '31.50', '4', '促销价');
INSERT INTO `tb_sales` VALUES ('202001040002', '000022', '300008', '20191212', '98.00', '8', '促销价');
-- 销售记录 2020-01-04
INSERT INTO `tb_sale` VALUES ('202001040001', '115.50', '120.00',  '4.50',  '2020-01-04', '10:08:00', '现金支付');
INSERT INTO `tb_sale` VALUES ('202001040002', '943.50', '1000.00', '56.50', '2020-01-04', '11:08:00', '现金支付');

-- 销售明细 2020-01-05 
INSERT INTO `tb_sales` VALUES ('202001050001', '000001', '300001', '20191212', '1.00',  '2', '促销价');
INSERT INTO `tb_sales` VALUES ('202001050001', '000016', '300006', '20191212', '13.00', '2', '促销价');
INSERT INTO `tb_sales` VALUES ('202001050001', '000019', '300007', '20191212', '31.50', '4', '促销价');
INSERT INTO `tb_sales` VALUES ('202001050001', '000010', '300004', '20191212', '53.00', '2', '促销价');
INSERT INTO `tb_sales` VALUES ('202001050002', '000013', '300005', '20191212', '1.50',  '5', '促销价');
INSERT INTO `tb_sales` VALUES ('202001050002', '000004', '300002', '20191212', '3.00',  '1', '促销价');
INSERT INTO `tb_sales` VALUES ('202001050002', '000007', '300003', '20191212', '1.50',  '3', '促销价');
INSERT INTO `tb_sales` VALUES ('202001050002', '000022', '300008', '20191212', '98.00', '2', '促销价');
-- 销售记录 2020-01-05
INSERT INTO `tb_sale` VALUES ('202001050001', '260.00', '300.00',  '40.00', '2020-01-05', '10:08:00', '现金支付');
INSERT INTO `tb_sale` VALUES ('202001050002', '211.00', '220.00',  '9.00',  '2020-01-05', '11:08:00', '现金支付');

-- 销售明细 2020-01-06
INSERT INTO `tb_sales` VALUES ('202001060001', '000001', '300001', '20191212', '1.00',  '8', '促销价');
INSERT INTO `tb_sales` VALUES ('202001060001', '000016', '300006', '20191212', '13.00', '5', '促销价');
INSERT INTO `tb_sales` VALUES ('202001060001', '000019', '300007', '20191212', '31.50', '2', '促销价');
INSERT INTO `tb_sales` VALUES ('202001060001', '000022', '300008', '20191212', '98.00', '3', '促销价');
INSERT INTO `tb_sales` VALUES ('202001060002', '000010', '300004', '20191212', '53.00', '5', '促销价');
INSERT INTO `tb_sales` VALUES ('202001060002', '000004', '300002', '20191212', '3.00',  '9', '促销价');
INSERT INTO `tb_sales` VALUES ('202001060002', '000007', '300003', '20191212', '1.50',  '4', '促销价');
INSERT INTO `tb_sales` VALUES ('202001060002', '000013', '300005', '20191212', '1.50',  '7', '促销价');
-- 销售记录 2020-01-06
INSERT INTO `tb_sale` VALUES ('202001060001', '430.00', '450.00',  '20.00', '2020-01-06', '10:08:00', '现金支付');
INSERT INTO `tb_sale` VALUES ('202001060002', '308.50', '310.00',  '1.50',  '2020-01-06', '11:08:00', '现金支付');

-- 销售明细 2020-01-07
INSERT INTO `tb_sales` VALUES ('202001070001', '000001', '300001', '20191212', '1.00',  '8', '促销价');
INSERT INTO `tb_sales` VALUES ('202001070001', '000010', '300004', '20191212', '53.00', '5', '促销价');
INSERT INTO `tb_sales` VALUES ('202001070001', '000013', '300005', '20191212', '1.50',  '7', '促销价');
INSERT INTO `tb_sales` VALUES ('202001070001', '000019', '300007', '20191212', '31.50', '2', '促销价');
INSERT INTO `tb_sales` VALUES ('202001070002', '000004', '300002', '20191212', '3.00',  '9', '促销价');
INSERT INTO `tb_sales` VALUES ('202001070002', '000007', '300003', '20191212', '1.50',  '4', '促销价');
INSERT INTO `tb_sales` VALUES ('202001070002', '000016', '300006', '20191212', '13.00', '5', '促销价');
INSERT INTO `tb_sales` VALUES ('202001070002', '000022', '300008', '20191212', '98.00', '3', '促销价');
-- 销售记录 2020-01-07
INSERT INTO `tb_sale` VALUES ('202001070001', '346.50', '350.00',  '3.50', '2020-01-07', '10:08:00', '现金支付');
INSERT INTO `tb_sale` VALUES ('202001070002', '392.00', '400.00',  '8.00', '2020-01-07', '11:08:00', '现金支付');
-- 1月份 2020.01.03 - 2020.01.13 后6天 不打折销售 当月批号
-- 销售明细 2020-01-08
INSERT INTO `tb_sales` VALUES ('202001080001', '000001', '300001', '20200101', '3.00',   '9', '原价，不打折');
INSERT INTO `tb_sales` VALUES ('202001080001', '000003', '300001', '20200101', '2.00',   '7', '原价，不打折');
INSERT INTO `tb_sales` VALUES ('202001080001', '000008', '300003', '20200101', '3.50',   '3', '原价，不打折');
INSERT INTO `tb_sales` VALUES ('202001080001', '000010', '300004', '20200101', '55.00',  '1', '原价，不打折');
INSERT INTO `tb_sales` VALUES ('202001080001', '000012', '300004', '20200101', '8.00',   '1', '原价，不打折');
INSERT INTO `tb_sales` VALUES ('202001080001', '000013', '300005', '20200101', '3.50',   '1', '原价，不打折');
INSERT INTO `tb_sales` VALUES ('202001080001', '000018', '300006', '20200101', '8.00',   '1', '原价，不打折');
INSERT INTO `tb_sales` VALUES ('202001080001', '000020', '300007', '20200101', '13.50',  '1', '原价，不打折');
INSERT INTO `tb_sales` VALUES ('202001080001', '000021', '300007', '20200101', '23.50',  '1', '原价，不打折');
INSERT INTO `tb_sales` VALUES ('202001080001', '000022', '300008', '20200101', '100.00', '1', '原价，不打折');
INSERT INTO `tb_sales` VALUES ('202001080001', '000023', '300008', '20200101', '100.00', '1', '原价，不打折');
INSERT INTO `tb_sales` VALUES ('202001080002', '000002', '300001', '20200101', '3.00',   '1', '原价，不打折');
INSERT INTO `tb_sales` VALUES ('202001080002', '000004', '300002', '20200101', '5.00',   '1', '原价，不打折');
INSERT INTO `tb_sales` VALUES ('202001080002', '000005', '300002', '20200101', '55.00',  '1', '原价，不打折');
INSERT INTO `tb_sales` VALUES ('202001080002', '000006', '300002', '20200101', '5.00',   '1', '原价，不打折');
INSERT INTO `tb_sales` VALUES ('202001080002', '000007', '300003', '20200101', '3.50',   '1', '原价，不打折');
INSERT INTO `tb_sales` VALUES ('202001080002', '000009', '300003', '20200101', '3.50',   '1', '原价，不打折');
INSERT INTO `tb_sales` VALUES ('202001080002', '000011', '300004', '20200101', '20.00',  '1', '原价，不打折');
INSERT INTO `tb_sales` VALUES ('202001080002', '000014', '300005', '20200101', '3.50',   '1', '原价，不打折');
INSERT INTO `tb_sales` VALUES ('202001080002', '000015', '300005', '20200101', '3.50',   '1', '原价，不打折');
INSERT INTO `tb_sales` VALUES ('202001080002', '000016', '300006', '20200101', '15.00',  '1', '原价，不打折');
INSERT INTO `tb_sales` VALUES ('202001080002', '000017', '300006', '20200101', '5.00',   '1', '原价，不打折');
INSERT INTO `tb_sales` VALUES ('202001080002', '000019', '300007', '20200101', '33.50',  '1', '原价，不打折');
INSERT INTO `tb_sales` VALUES ('202001080002', '000024', '300008', '20200101', '100.00', '1', '原价，不打折');
-- 销售记录 2020-01-09
INSERT INTO `tb_sale` VALUES ('202001080001', '363.00', '400.00', '37.00', '2020-01-08', '10:08:00', '现金支付');
INSERT INTO `tb_sale` VALUES ('202001080002', '255.50', '300.00', '44.50', '2020-01-08', '11:08:00', '现金支付');

-- 销售明细 2020-01-09
INSERT INTO `tb_sales` VALUES ('202001090001', '000002', '300001', '20200101', '3.00',   '1', '原价，不打折');
INSERT INTO `tb_sales` VALUES ('202001090001', '000003', '300001', '20200101', '2.00',   '1', '原价，不打折');
INSERT INTO `tb_sales` VALUES ('202001090001', '000004', '300002', '20200101', '5.00',   '1', '原价，不打折');
INSERT INTO `tb_sales` VALUES ('202001090001', '000009', '300003', '20200101', '3.50',   '1', '原价，不打折');
INSERT INTO `tb_sales` VALUES ('202001090001', '000010', '300004', '20200101', '55.00',  '1', '原价，不打折');
INSERT INTO `tb_sales` VALUES ('202001090001', '000021', '300007', '20200101', '23.50',  '1', '原价，不打折');
INSERT INTO `tb_sales` VALUES ('202001090002', '000003', '300001', '20200101', '2.00',   '8', '原价，不打折');
INSERT INTO `tb_sales` VALUES ('202001090002', '000004', '300002', '20200101', '5.00',   '1', '原价，不打折');
INSERT INTO `tb_sales` VALUES ('202001090002', '000006', '300002', '20200101', '5.00',   '2', '原价，不打折');
INSERT INTO `tb_sales` VALUES ('202001090002', '000007', '300003', '20200101', '3.50',   '1', '原价，不打折');
INSERT INTO `tb_sales` VALUES ('202001090002', '000017', '300006', '20200101', '5.00',   '1', '原价，不打折');
INSERT INTO `tb_sales` VALUES ('202001090002', '000018', '300006', '20200101', '8.00',   '1', '原价，不打折');
INSERT INTO `tb_sales` VALUES ('202001090002', '000019', '300007', '20200101', '33.50',  '1', '原价，不打折');
INSERT INTO `tb_sales` VALUES ('202001090002', '000020', '300007', '20200101', '13.50',  '1', '原价，不打折');
-- 销售记录 2020-01-09
INSERT INTO `tb_sale` VALUES ('202001090001', '92.00',  '100.00', '8.00', '2020-01-09', '10:08:00', '现金支付');
INSERT INTO `tb_sale` VALUES ('202001090002', '94.50',  '100.00', '5.50', '2020-01-09', '11:08:00', '现金支付');

-- 销售明细 2020-01-10
INSERT INTO `tb_sales` VALUES ('202001100001', '000009', '300003', '20200101', '3.50',   '8', '原价，不打折');
INSERT INTO `tb_sales` VALUES ('202001100001', '000010', '300004', '20200101', '55.00',  '1', '原价，不打折');
INSERT INTO `tb_sales` VALUES ('202001100001', '000011', '300004', '20200101', '20.00',  '1', '原价，不打折');
INSERT INTO `tb_sales` VALUES ('202001100001', '000012', '300004', '20200101', '8.00',   '1', '原价，不打折');
INSERT INTO `tb_sales` VALUES ('202001100001', '000013', '300005', '20200101', '3.50',   '2', '原价，不打折');
INSERT INTO `tb_sales` VALUES ('202001100001', '000014', '300005', '20200101', '3.50',   '1', '原价，不打折');
INSERT INTO `tb_sales` VALUES ('202001100001', '000021', '300007', '20200101', '23.50',  '1', '原价，不打折');
INSERT INTO `tb_sales` VALUES ('202001100001', '000022', '300008', '20200101', '100.00', '1', '原价，不打折');
INSERT INTO `tb_sales` VALUES ('202001100002', '000003', '300001', '20200101', '2.00',   '8', '原价，不打折');
INSERT INTO `tb_sales` VALUES ('202001100002', '000004', '300002', '20200101', '5.00',   '1', '原价，不打折');
INSERT INTO `tb_sales` VALUES ('202001100002', '000012', '300004', '20200101', '8.00',   '1', '原价，不打折');
INSERT INTO `tb_sales` VALUES ('202001100002', '000013', '300005', '20200101', '3.50',   '3', '原价，不打折');
INSERT INTO `tb_sales` VALUES ('202001100002', '000019', '300007', '20200101', '33.50',  '1', '原价，不打折');
INSERT INTO `tb_sales` VALUES ('202001100002', '000020', '300007', '20200101', '13.50',  '2', '原价，不打折');
INSERT INTO `tb_sales` VALUES ('202001100002', '000021', '300007', '20200101', '23.50',  '1', '原价，不打折');
-- 销售记录 2020-01-10
INSERT INTO `tb_sale` VALUES ('202001100001', '245.00', '300.00', '55.00', '2020-01-10', '10:08:00', '现金支付');
INSERT INTO `tb_sale` VALUES ('202001100002', '90.00',  '100.00', '10.00', '2020-01-10', '11:08:00', '现金支付');

-- 销售明细 2020-01-11
INSERT INTO `tb_sales` VALUES ('202001110001', '000002', '300001', '20200101', '3.00',   '5', '原价，不打折');
INSERT INTO `tb_sales` VALUES ('202001110001', '000005', '300002', '20200101', '55.00',  '1', '原价，不打折');
INSERT INTO `tb_sales` VALUES ('202001110001', '000010', '300004', '20200101', '55.00',  '2', '原价，不打折');
INSERT INTO `tb_sales` VALUES ('202001110001', '000011', '300004', '20200101', '20.00',  '7', '原价，不打折');
INSERT INTO `tb_sales` VALUES ('202001110001', '000012', '300004', '20200101', '8.00',   '3', '原价，不打折');
INSERT INTO `tb_sales` VALUES ('202001110001', '000018', '300006', '20200101', '8.00',   '1', '原价，不打折');
INSERT INTO `tb_sales` VALUES ('202001110001', '000024', '300008', '20200101', '100.00', '2', '原价，不打折');
INSERT INTO `tb_sales` VALUES ('202001110002', '000003', '300001', '20200101', '2.00',   '4', '原价，不打折');
INSERT INTO `tb_sales` VALUES ('202001110002', '000004', '300002', '20200101', '5.00',   '1', '原价，不打折');
INSERT INTO `tb_sales` VALUES ('202001110002', '000006', '300002', '20200101', '5.00',   '2', '原价，不打折');
INSERT INTO `tb_sales` VALUES ('202001110002', '000007', '300003', '20200101', '3.50',   '4', '原价，不打折');
INSERT INTO `tb_sales` VALUES ('202001110002', '000009', '300003', '20200101', '3.50',   '3', '原价，不打折');
INSERT INTO `tb_sales` VALUES ('202001110002', '000010', '300004', '20200101', '55.00',  '1', '原价，不打折');
INSERT INTO `tb_sales` VALUES ('202001110002', '000018', '300006', '20200101', '8.00',   '2', '原价，不打折');
INSERT INTO `tb_sales` VALUES ('202001110002', '000019', '300007', '20200101', '33.50',  '1', '原价，不打折');
-- 销售记录 2020-01-11
INSERT INTO `tb_sale` VALUES ('202001110001', '552.00', '600.00', '48.00', '2020-01-11', '10:08:00', '现金支付');
INSERT INTO `tb_sale` VALUES ('202001110002', '152.00', '200.00',  '8.00', '2020-01-11', '11:08:00', '现金支付');

-- 销售明细 2020-01-12
INSERT INTO `tb_sales` VALUES ('202001120001', '000001', '300001', '20200101', '3.00',   '7', '原价，不打折');
INSERT INTO `tb_sales` VALUES ('202001120001', '000006', '300002', '20200101', '5.00',   '3', '原价，不打折');
INSERT INTO `tb_sales` VALUES ('202001120001', '000017', '300006', '20200101', '5.00',   '9', '原价，不打折');
INSERT INTO `tb_sales` VALUES ('202001120001', '000023', '300008', '20200101', '100.00', '1', '原价，不打折');
INSERT INTO `tb_sales` VALUES ('202001120002', '000005', '300002', '20200101', '55.00',  '3', '原价，不打折');
INSERT INTO `tb_sales` VALUES ('202001120002', '000015', '300005', '20200101', '3.50',   '7', '原价，不打折');
INSERT INTO `tb_sales` VALUES ('202001120002', '000019', '300007', '20200101', '33.50',  '8', '原价，不打折');
INSERT INTO `tb_sales` VALUES ('202001120002', '000020', '300007', '20200101', '13.50',  '3', '原价，不打折');
INSERT INTO `tb_sales` VALUES ('202001120002', '000021', '300007', '20200101', '23.50',  '9', '原价，不打折');
INSERT INTO `tb_sales` VALUES ('202001120002', '000022', '300008', '20200101', '100.00', '2', '原价，不打折');
-- 销售记录 2020-01-12
INSERT INTO `tb_sale` VALUES ('202001120001', '181.00', '200.00',  '19.00', '2020-01-12', '10:08:00', '现金支付');
INSERT INTO `tb_sale` VALUES ('202001120002', '909.50', '1000.00', '90.50', '2020-01-12', '11:08:00', '现金支付');

-- 销售明细 2020-01-13
INSERT INTO `tb_sales` VALUES ('202001130001', '000002', '300001', '20200101', '3.00',   '4', '原价，不打折');
INSERT INTO `tb_sales` VALUES ('202001130001', '000003', '300001', '20200101', '2.00',   '6', '原价，不打折');
INSERT INTO `tb_sales` VALUES ('202001130001', '000011', '300004', '20200101', '20.00',  '2', '原价，不打折');
INSERT INTO `tb_sales` VALUES ('202001130001', '000012', '300004', '20200101', '8.00',   '7', '原价，不打折');
INSERT INTO `tb_sales` VALUES ('202001130001', '000018', '300006', '20200101', '8.00',   '6', '原价，不打折');
INSERT INTO `tb_sales` VALUES ('202001130001', '000019', '300007', '20200101', '33.50',  '3', '原价，不打折');
INSERT INTO `tb_sales` VALUES ('202001130002', '000005', '300002', '20200101', '55.00',  '1', '原价，不打折');
INSERT INTO `tb_sales` VALUES ('202001130002', '000009', '300003', '20200101', '3.50',   '6', '原价，不打折');
INSERT INTO `tb_sales` VALUES ('202001130002', '000015', '300005', '20200101', '3.50',   '7', '原价，不打折');
INSERT INTO `tb_sales` VALUES ('202001130002', '000019', '300007', '20200101', '33.50',  '3', '原价，不打折');
INSERT INTO `tb_sales` VALUES ('202001130002', '000024', '300008', '20200101', '100.00', '4', '原价，不打折');
-- 销售记录 2020-01-13
INSERT INTO `tb_sale` VALUES ('202001130001', '268.50', '300.00',  '31.50', '2020-01-13', '10:08:00', '现金支付');
INSERT INTO `tb_sale` VALUES ('202001130002', '601.00', '610.00',  '9.00',  '2020-01-13', '11:08:00', '现金支付');


-- ----------------------------
-- ********用户测试数据********
-- Records of tb_user
-- ----------------------------
INSERT INTO `tb_user` VALUES ('100000', 'admin',  'admin',  '男', '23', '0', '数据库管理员', '18856310000', '数据库测试');
INSERT INTO `tb_user` VALUES ('100001', '123456', '小刘',   '男', '23', '1', '店长',         '18856310001', 'Web前端');
INSERT INTO `tb_user` VALUES ('100002', '123456', '小林',   '男', '20', '1', '仓库管理员',   '18856310002', '数据库');
INSERT INTO `tb_user` VALUES ('100003', '123456', '小周',   '女', '21', '1', '收银员',       '18856310003', 'Web后端');
INSERT INTO `tb_user` VALUES ('100004', '123456', '朱明露', '男', '22', '3', '采购员',       '18856310004', '');
INSERT INTO `tb_user` VALUES ('100005', '123456', '杨凤美', '女', '23', '4', '仓库管理员',   '18856310005', '');
INSERT INTO `tb_user` VALUES ('100006', '123456', '曹景燕', '男', '24', '3', '仓库管理员',   '18856310006', '');
INSERT INTO `tb_user` VALUES ('100007', '123456', '奚黛',   '女', '25', '3', '仓库管理员',   '18856310007', '');
INSERT INTO `tb_user` VALUES ('100008', '123456', '王玉凤', '女', '26', '4', '仓库管理员',   '18856310008', '');
INSERT INTO `tb_user` VALUES ('100009', '123456', '何纨',   '男', '27', '3', '收银员',       '18856310009', '');
INSERT INTO `tb_user` VALUES ('100010', '123456', '张欢',   '男', '28', '4', '收银员',       '18856310010', '');
INSERT INTO `tb_user` VALUES ('100011', '123456', '朱明露', '男', '29', '4', '收银员',       '18856310011', '');
INSERT INTO `tb_user` VALUES ('100012', '123456', '吴良翠', '女', '30', '4', '收银员',       '18856310012', '');
INSERT INTO `tb_user` VALUES ('100013', '123456', '姜传敏', '男', '31', '4', '仓库管理员',   '18856310013', '');
INSERT INTO `tb_user` VALUES ('100014', '123456', '何雪倩', '女', '32', '4', '采购员',       '18856310014', '');
INSERT INTO `tb_user` VALUES ('100015', '123456', '吕紫君', '男', '33', '3', '采购员',       '18856310015', '');
INSERT INTO `tb_user` VALUES ('100016', '123456', '韩乐',   '男', '34', '4', '采购员',       '18856310016', '');
INSERT INTO `tb_user` VALUES ('100017', '123456', '华庆黎', '男', '35', '3', '仓库管理员',   '18856310017', '');
INSERT INTO `tb_user` VALUES ('100018', '123456', '康春文', '男', '36', '4', '仓库管理员',   '18856310018', '');
INSERT INTO `tb_user` VALUES ('100019', '123456', '岑朱婷', '女', '37', '4', '仓库管理员',   '18856310019', '');

-- ----------------------------
-- ********会员测试数据********
-- Records of tb_member
-- ----------------------------
INSERT INTO `tb_member` VALUES ('200001', '小刘',    '18856320001', '199.12', '2019-11-26', '刘总');
INSERT INTO `tb_member` VALUES ('200002', '小林',    '18856320002', '299.34', '2019-11-26', '林总');
INSERT INTO `tb_member` VALUES ('200003', '小周*',   '18856320003', '399.56', '2019-11-26', '周总');
INSERT INTO `tb_member` VALUES ('200004', '严绮菱*', '18856320004', '199.12', '2019-11-27', '此用户为SVIP用户');
INSERT INTO `tb_member` VALUES ('200005', '钱世兰',  '18856320005', '299.34', '2019-11-28', '此用户为SVIP用户');
INSERT INTO `tb_member` VALUES ('200006', '曹黄萍*', '18856320006', '399.56', '2019-11-29', '此用户为SVIP用户');
INSERT INTO `tb_member` VALUES ('200007', '陶香秀*', '18856320007', '199.12', '2019-11-30', '');
INSERT INTO `tb_member` VALUES ('200008', '赵露*',   '18856320008', '299.34', '2019-12-1',  '');
INSERT INTO `tb_member` VALUES ('200009', '李寒',    '18856320009', '399.56', '2019-12-2',  '');
INSERT INTO `tb_member` VALUES ('200010', '钱琴*',   '18856320010', '199.12', '2019-12-3',  '');
INSERT INTO `tb_member` VALUES ('200011', '郑惜雪*', '18856320011', '299.34', '2019-12-4',  '');
INSERT INTO `tb_member` VALUES ('200012', '陶佳丽*', '18856320012', '399.56', '2019-12-5',  '');
INSERT INTO `tb_member` VALUES ('200013', '王树平',  '18856320013', '199.12', '2019-12-6',  '');
INSERT INTO `tb_member` VALUES ('200014', '周玉凤*', '18856320014', '299.34', '2019-12-7',  '');
INSERT INTO `tb_member` VALUES ('200015', '沈欣淼',  '18856320015', '399.56', '2019-12-8',  '');
INSERT INTO `tb_member` VALUES ('200016', '昌冰彤',  '18856320016', '299.34', '2019-12-9',  '');
INSERT INTO `tb_member` VALUES ('200017', '尤春竹',  '18856320017', '399.56', '2019-12-10', '');
INSERT INTO `tb_member` VALUES ('200018', '邹灿灿',  '18856320018', '199.12', '2019-12-11', '');
INSERT INTO `tb_member` VALUES ('200019', '孙景燕*', '18856320019', '299.34', '2019-12-12', '');
INSERT INTO `tb_member` VALUES ('200020', '岑朱婷*', '18856320020', '299.34', '2019-12-13', '');




